#! /home/wn84801/opt/oss-cad-suite/bin/vvp
:ivl_version "13.0 (devel)" "(s20251012-91-g9ac5a6ebf)";
:ivl_delay_selection "TYPICAL";
:vpi_time_precision + 0;
:vpi_module "/home/wn84801/opt/oss-cad-suite/lib/ivl/system.vpi";
:vpi_module "/home/wn84801/opt/oss-cad-suite/lib/ivl/vhdl_sys.vpi";
:vpi_module "/home/wn84801/opt/oss-cad-suite/lib/ivl/vhdl_textio.vpi";
:vpi_module "/home/wn84801/opt/oss-cad-suite/lib/ivl/v2005_math.vpi";
:vpi_module "/home/wn84801/opt/oss-cad-suite/lib/ivl/va_math.vpi";
:vpi_module "/home/wn84801/opt/oss-cad-suite/lib/ivl/v2009.vpi";
S_0x555569e2ffe0 .scope package, "$unit" "$unit" 2 1;
 .timescale 0 0;
S_0x555569e3f530 .scope module, "tb_aes" "tb_aes" 3 41;
 .timescale 0 0;
P_0x555569f12e80 .param/l "ADDR_BLOCK0" 0 3 77, C4<00100000>;
P_0x555569f12ec0 .param/l "ADDR_BLOCK1" 0 3 78, C4<00100001>;
P_0x555569f12f00 .param/l "ADDR_BLOCK2" 0 3 79, C4<00100010>;
P_0x555569f12f40 .param/l "ADDR_BLOCK3" 0 3 80, C4<00100011>;
P_0x555569f12f80 .param/l "ADDR_CONFIG" 0 3 66, C4<00001010>;
P_0x555569f12fc0 .param/l "ADDR_CTRL" 0 3 56, C4<00001000>;
P_0x555569f13000 .param/l "ADDR_KEY0" 0 3 68, C4<00010000>;
P_0x555569f13040 .param/l "ADDR_KEY1" 0 3 69, C4<00010001>;
P_0x555569f13080 .param/l "ADDR_KEY2" 0 3 70, C4<00010010>;
P_0x555569f130c0 .param/l "ADDR_KEY3" 0 3 71, C4<00010011>;
P_0x555569f13100 .param/l "ADDR_KEY4" 0 3 72, C4<00010100>;
P_0x555569f13140 .param/l "ADDR_KEY5" 0 3 73, C4<00010101>;
P_0x555569f13180 .param/l "ADDR_KEY6" 0 3 74, C4<00010110>;
P_0x555569f131c0 .param/l "ADDR_KEY7" 0 3 75, C4<00010111>;
P_0x555569f13200 .param/l "ADDR_NAME0" 0 3 52, C4<00000000>;
P_0x555569f13240 .param/l "ADDR_NAME1" 0 3 53, C4<00000001>;
P_0x555569f13280 .param/l "ADDR_RESULT0" 0 3 82, C4<00110000>;
P_0x555569f132c0 .param/l "ADDR_RESULT1" 0 3 83, C4<00110001>;
P_0x555569f13300 .param/l "ADDR_RESULT2" 0 3 84, C4<00110010>;
P_0x555569f13340 .param/l "ADDR_RESULT3" 0 3 85, C4<00110011>;
P_0x555569f13380 .param/l "ADDR_STATUS" 0 3 62, C4<00001001>;
P_0x555569f133c0 .param/l "ADDR_VERSION" 0 3 54, C4<00000010>;
P_0x555569f13400 .param/l "AES_128_BIT_KEY" 0 3 87, +C4<00000000000000000000000000000000>;
P_0x555569f13440 .param/l "AES_256_BIT_KEY" 0 3 88, +C4<00000000000000000000000000000001>;
P_0x555569f13480 .param/l "AES_DECIPHER" 0 3 90, C4<0>;
P_0x555569f134c0 .param/l "AES_ENCIPHER" 0 3 91, C4<1>;
P_0x555569f13500 .param/l "CLK_HALF_PERIOD" 0 3 48, +C4<00000000000000000000000000000001>;
P_0x555569f13540 .param/l "CLK_PERIOD" 0 3 49, +C4<0000000000000000000000000000000000000000000000000000000000000010>;
P_0x555569f13580 .param/l "CTRL_ENCDEC_BIT" 0 3 59, +C4<00000000000000000000000000000010>;
P_0x555569f135c0 .param/l "CTRL_INIT_BIT" 0 3 57, +C4<00000000000000000000000000000000>;
P_0x555569f13600 .param/l "CTRL_KEYLEN_BIT" 0 3 60, +C4<00000000000000000000000000000011>;
P_0x555569f13640 .param/l "CTRL_NEXT_BIT" 0 3 58, +C4<00000000000000000000000000000001>;
P_0x555569f13680 .param/l "DEBUG" 0 3 46, +C4<00000000000000000000000000000000>;
P_0x555569f136c0 .param/l "STATUS_READY_BIT" 0 3 63, +C4<00000000000000000000000000000000>;
P_0x555569f13700 .param/l "STATUS_VALID_BIT" 0 3 64, +C4<00000000000000000000000000000001>;
v0x555569e8abb0_0 .var "cycle_ctr", 31 0;
v0x555569e8a770_0 .var "error_ctr", 31 0;
v0x555569e8a330_0 .var "read_data", 31 0;
v0x555569e8a3f0_0 .var "result_data", 127 0;
v0x555569e89ef0_0 .var "tb_address", 7 0;
v0x555569e89ab0_0 .var "tb_clk", 0 0;
v0x555569e89b50_0 .var "tb_cs", 0 0;
v0x555569e89670_0 .net "tb_read_data", 31 0, L_0x555569f0ca80;  1 drivers
v0x555569e89710_0 .var "tb_reset_n", 0 0;
v0x555569e89230_0 .var "tb_we", 0 0;
v0x555569e892d0_0 .var "tb_write_data", 31 0;
v0x555569e88df0_0 .var "tc_ctr", 31 0;
S_0x555569e3f140 .scope task, "aes_test" "aes_test" 3 419, 3 419 0, S_0x555569e3f530;
 .timescale 0 0;
v0x555569f0cbf0_0 .var "nist_aes128_key1", 255 0;
v0x555569f05b60_0 .var "nist_aes128_key2", 255 0;
v0x555569f05c30_0 .var "nist_aes256_key1", 255 0;
v0x555569eaea00_0 .var "nist_aes256_key2", 255 0;
v0x555569eaeaa0_0 .var "nist_ecb_128_enc_expected0", 127 0;
v0x555569e47fe0_0 .var "nist_ecb_128_enc_expected1", 127 0;
v0x555569e48080_0 .var "nist_ecb_128_enc_expected2", 127 0;
v0x555569ec4890_0 .var "nist_ecb_128_enc_expected3", 127 0;
v0x555569ec4cb0_0 .var "nist_ecb_128_enc_expected4", 127 0;
v0x555569ebc230_0 .var "nist_ecb_256_enc_expected0", 127 0;
v0x555569e3e3f0_0 .var "nist_ecb_256_enc_expected1", 127 0;
v0x555569e3c6e0_0 .var "nist_ecb_256_enc_expected2", 127 0;
v0x555569e3d420_0 .var "nist_ecb_256_enc_expected3", 127 0;
v0x555569e3cf60_0 .var "nist_ecb_256_enc_expected4", 127 0;
v0x555569e3d680_0 .var "nist_plaintext0", 127 0;
v0x555569f04b70_0 .var "nist_plaintext1", 127 0;
v0x555569e3fd10_0 .var "nist_plaintext2", 127 0;
v0x555569f04430_0 .var "nist_plaintext3", 127 0;
v0x555569f03ff0_0 .var "nist_plaintext4", 127 0;
TD_tb_aes.aes_test ;
    %pushi/vec4 2918732888, 0, 34;
    %concati/vec4 2730183322, 0, 32;
    %concati/vec4 2950452768, 0, 32;
    %concati/vec4 2633298880, 0, 34;
    %concati/vec4 0, 0, 124;
    %store/vec4 v0x555569f0cbf0_0, 0, 256;
    %pushi/vec4 2164359682, 0, 47;
    %concati/vec4 2198045700, 0, 32;
    %concati/vec4 2231731718, 0, 32;
    %concati/vec4 2265415680, 0, 32;
    %concati/vec4 0, 0, 113;
    %store/vec4 v0x555569f05b60_0, 0, 256;
    %pushi/vec4 3229341216, 0, 33;
    %concati/vec4 2924711409, 0, 34;
    %concati/vec4 3074092808, 0, 33;
    %concati/vec4 2947477539, 0, 33;
    %concati/vec4 3869606119, 0, 32;
    %concati/vec4 3628217803, 0, 33;
    %concati/vec4 3423097220, 0, 33;
    %concati/vec4 18145268, 0, 25;
    %store/vec4 v0x555569f05c30_0, 0, 256;
    %pushi/vec4 2164359682, 0, 47;
    %concati/vec4 2198045700, 0, 32;
    %concati/vec4 2231731718, 0, 32;
    %concati/vec4 2265417736, 0, 32;
    %concati/vec4 2299103754, 0, 32;
    %concati/vec4 2332789772, 0, 32;
    %concati/vec4 2366475790, 0, 32;
    %concati/vec4 73247, 0, 17;
    %store/vec4 v0x555569eaea00_0, 0, 256;
    %pushi/vec4 3615718852, 0, 33;
    %concati/vec4 3103948379, 0, 33;
    %concati/vec4 2767583301, 0, 32;
    %concati/vec4 865277738, 0, 30;
    %store/vec4 v0x555569e3d680_0, 0, 128;
    %pushi/vec4 2922220119, 0, 32;
    %concati/vec4 4028458212, 0, 35;
    %concati/vec4 4122705250, 0, 32;
    %concati/vec4 95391313, 0, 29;
    %store/vec4 v0x555569f04b70_0, 0, 128;
    %pushi/vec4 3273683226, 0, 34;
    %concati/vec4 2373161031, 0, 32;
    %concati/vec4 2549023844, 0, 32;
    %concati/vec4 436884207, 0, 30;
    %store/vec4 v0x555569e3fd10_0, 0, 128;
    %pushi/vec4 4137624645, 0, 32;
    %concati/vec4 3746536215, 0, 32;
    %concati/vec4 2905293179, 0, 32;
    %concati/vec4 3865851664, 0, 32;
    %store/vec4 v0x555569f04430_0, 0, 128;
    %pushi/vec4 2299632162, 0, 43;
    %concati/vec4 2872294468, 0, 32;
    %concati/vec4 3444956774, 0, 32;
    %concati/vec4 1961727, 0, 21;
    %store/vec4 v0x555569f03ff0_0, 0, 128;
    %pushi/vec4 3948801744, 0, 34;
    %concati/vec4 3617809930, 0, 34;
    %concati/vec4 2313989938, 0, 32;
    %concati/vec4 73854871, 0, 28;
    %store/vec4 v0x555569eaeaa0_0, 0, 128;
    %pushi/vec4 4124300677, 0, 32;
    %concati/vec4 3998902137, 0, 38;
    %concati/vec4 3781318309, 0, 32;
    %concati/vec4 50182831, 0, 26;
    %store/vec4 v0x555569e47fe0_0, 0, 128;
    %pushi/vec4 2271451902, 0, 33;
    %concati/vec4 3005062215, 0, 32;
    %concati/vec4 2175798846, 0, 35;
    %concati/vec4 218302088, 0, 28;
    %store/vec4 v0x555569e48080_0, 0, 128;
    %pushi/vec4 4128829628, 0, 33;
    %concati/vec4 2678240510, 0, 33;
    %concati/vec4 2294815809, 0, 36;
    %concati/vec4 7495124, 0, 26;
    %store/vec4 v0x555569ec4890_0, 0, 128;
    %pushi/vec4 3549020592, 0, 33;
    %concati/vec4 3572893793, 0, 32;
    %concati/vec4 2979753728, 0, 32;
    %concati/vec4 1890895194, 0, 31;
    %store/vec4 v0x555569ec4cb0_0, 0, 128;
    %pushi/vec4 4092514749, 0, 32;
    %concati/vec4 3050479676, 0, 32;
    %concati/vec4 3379253191, 0, 37;
    %concati/vec4 95519224, 0, 27;
    %store/vec4 v0x555569ebc230_0, 0, 128;
    %pushi/vec4 2990118433, 0, 33;
    %concati/vec4 2820790861, 0, 32;
    %concati/vec4 3099020948, 0, 32;
    %concati/vec4 825632880, 0, 31;
    %store/vec4 v0x555569e3e3f0_0, 0, 128;
    %pushi/vec4 3068993977, 0, 32;
    %concati/vec4 2628187385, 0, 32;
    %concati/vec4 4048807857, 0, 32;
    %concati/vec4 3199200541, 0, 32;
    %store/vec4 v0x555569e3c6e0_0, 0, 128;
    %pushi/vec4 2361470440, 0, 34;
    %concati/vec4 3890728956, 0, 32;
    %concati/vec4 3484529139, 0, 35;
    %concati/vec4 103083207, 0, 27;
    %store/vec4 v0x555569e3d420_0, 0, 128;
    %pushi/vec4 2393028554, 0, 32;
    %concati/vec4 2731445119, 0, 33;
    %concati/vec4 3589837600, 0, 32;
    %concati/vec4 1263100041, 0, 31;
    %store/vec4 v0x555569e3cf60_0, 0, 128;
    %vpi_call/w 3 468 "$display", "ECB 128 bit key tests" {0 0 0};
    %vpi_call/w 3 469 "$display", "---------------------" {0 0 0};
    %pushi/vec4 1, 0, 8;
    %store/vec4 v0x555569e8c530_0, 0, 8;
    %pushi/vec4 1, 0, 1;
    %store/vec4 v0x555569e8d1f0_0, 0, 1;
    %load/vec4 v0x555569f0cbf0_0;
    %store/vec4 v0x555569e8cdb0_0, 0, 256;
    %pushi/vec4 0, 0, 1;
    %store/vec4 v0x555569e8c970_0, 0, 1;
    %load/vec4 v0x555569e3d680_0;
    %store/vec4 v0x555569e8d630_0, 0, 128;
    %load/vec4 v0x555569eaeaa0_0;
    %store/vec4 v0x555569e8d2b0_0, 0, 128;
    %fork TD_tb_aes.ecb_mode_single_block_test, S_0x555569f180f0;
    %join;
    %pushi/vec4 2, 0, 8;
    %store/vec4 v0x555569e8c530_0, 0, 8;
    %pushi/vec4 1, 0, 1;
    %store/vec4 v0x555569e8d1f0_0, 0, 1;
    %load/vec4 v0x555569f0cbf0_0;
    %store/vec4 v0x555569e8cdb0_0, 0, 256;
    %pushi/vec4 0, 0, 1;
    %store/vec4 v0x555569e8c970_0, 0, 1;
    %load/vec4 v0x555569f04b70_0;
    %store/vec4 v0x555569e8d630_0, 0, 128;
    %load/vec4 v0x555569e47fe0_0;
    %store/vec4 v0x555569e8d2b0_0, 0, 128;
    %fork TD_tb_aes.ecb_mode_single_block_test, S_0x555569f180f0;
    %join;
    %pushi/vec4 3, 0, 8;
    %store/vec4 v0x555569e8c530_0, 0, 8;
    %pushi/vec4 1, 0, 1;
    %store/vec4 v0x555569e8d1f0_0, 0, 1;
    %load/vec4 v0x555569f0cbf0_0;
    %store/vec4 v0x555569e8cdb0_0, 0, 256;
    %pushi/vec4 0, 0, 1;
    %store/vec4 v0x555569e8c970_0, 0, 1;
    %load/vec4 v0x555569e3fd10_0;
    %store/vec4 v0x555569e8d630_0, 0, 128;
    %load/vec4 v0x555569e48080_0;
    %store/vec4 v0x555569e8d2b0_0, 0, 128;
    %fork TD_tb_aes.ecb_mode_single_block_test, S_0x555569f180f0;
    %join;
    %pushi/vec4 4, 0, 8;
    %store/vec4 v0x555569e8c530_0, 0, 8;
    %pushi/vec4 1, 0, 1;
    %store/vec4 v0x555569e8d1f0_0, 0, 1;
    %load/vec4 v0x555569f0cbf0_0;
    %store/vec4 v0x555569e8cdb0_0, 0, 256;
    %pushi/vec4 0, 0, 1;
    %store/vec4 v0x555569e8c970_0, 0, 1;
    %load/vec4 v0x555569f04430_0;
    %store/vec4 v0x555569e8d630_0, 0, 128;
    %load/vec4 v0x555569ec4890_0;
    %store/vec4 v0x555569e8d2b0_0, 0, 128;
    %fork TD_tb_aes.ecb_mode_single_block_test, S_0x555569f180f0;
    %join;
    %pushi/vec4 5, 0, 8;
    %store/vec4 v0x555569e8c530_0, 0, 8;
    %pushi/vec4 0, 0, 1;
    %store/vec4 v0x555569e8d1f0_0, 0, 1;
    %load/vec4 v0x555569f0cbf0_0;
    %store/vec4 v0x555569e8cdb0_0, 0, 256;
    %pushi/vec4 0, 0, 1;
    %store/vec4 v0x555569e8c970_0, 0, 1;
    %load/vec4 v0x555569eaeaa0_0;
    %store/vec4 v0x555569e8d630_0, 0, 128;
    %load/vec4 v0x555569e3d680_0;
    %store/vec4 v0x555569e8d2b0_0, 0, 128;
    %fork TD_tb_aes.ecb_mode_single_block_test, S_0x555569f180f0;
    %join;
    %pushi/vec4 6, 0, 8;
    %store/vec4 v0x555569e8c530_0, 0, 8;
    %pushi/vec4 0, 0, 1;
    %store/vec4 v0x555569e8d1f0_0, 0, 1;
    %load/vec4 v0x555569f0cbf0_0;
    %store/vec4 v0x555569e8cdb0_0, 0, 256;
    %pushi/vec4 0, 0, 1;
    %store/vec4 v0x555569e8c970_0, 0, 1;
    %load/vec4 v0x555569e47fe0_0;
    %store/vec4 v0x555569e8d630_0, 0, 128;
    %load/vec4 v0x555569f04b70_0;
    %store/vec4 v0x555569e8d2b0_0, 0, 128;
    %fork TD_tb_aes.ecb_mode_single_block_test, S_0x555569f180f0;
    %join;
    %pushi/vec4 7, 0, 8;
    %store/vec4 v0x555569e8c530_0, 0, 8;
    %pushi/vec4 0, 0, 1;
    %store/vec4 v0x555569e8d1f0_0, 0, 1;
    %load/vec4 v0x555569f0cbf0_0;
    %store/vec4 v0x555569e8cdb0_0, 0, 256;
    %pushi/vec4 0, 0, 1;
    %store/vec4 v0x555569e8c970_0, 0, 1;
    %load/vec4 v0x555569e48080_0;
    %store/vec4 v0x555569e8d630_0, 0, 128;
    %load/vec4 v0x555569e3fd10_0;
    %store/vec4 v0x555569e8d2b0_0, 0, 128;
    %fork TD_tb_aes.ecb_mode_single_block_test, S_0x555569f180f0;
    %join;
    %pushi/vec4 8, 0, 8;
    %store/vec4 v0x555569e8c530_0, 0, 8;
    %pushi/vec4 0, 0, 1;
    %store/vec4 v0x555569e8d1f0_0, 0, 1;
    %load/vec4 v0x555569f0cbf0_0;
    %store/vec4 v0x555569e8cdb0_0, 0, 256;
    %pushi/vec4 0, 0, 1;
    %store/vec4 v0x555569e8c970_0, 0, 1;
    %load/vec4 v0x555569ec4890_0;
    %store/vec4 v0x555569e8d630_0, 0, 128;
    %load/vec4 v0x555569f04430_0;
    %store/vec4 v0x555569e8d2b0_0, 0, 128;
    %fork TD_tb_aes.ecb_mode_single_block_test, S_0x555569f180f0;
    %join;
    %pushi/vec4 9, 0, 8;
    %store/vec4 v0x555569e8c530_0, 0, 8;
    %pushi/vec4 1, 0, 1;
    %store/vec4 v0x555569e8d1f0_0, 0, 1;
    %load/vec4 v0x555569f05b60_0;
    %store/vec4 v0x555569e8cdb0_0, 0, 256;
    %pushi/vec4 0, 0, 1;
    %store/vec4 v0x555569e8c970_0, 0, 1;
    %load/vec4 v0x555569f03ff0_0;
    %store/vec4 v0x555569e8d630_0, 0, 128;
    %load/vec4 v0x555569ec4cb0_0;
    %store/vec4 v0x555569e8d2b0_0, 0, 128;
    %fork TD_tb_aes.ecb_mode_single_block_test, S_0x555569f180f0;
    %join;
    %pushi/vec4 10, 0, 8;
    %store/vec4 v0x555569e8c530_0, 0, 8;
    %pushi/vec4 0, 0, 1;
    %store/vec4 v0x555569e8d1f0_0, 0, 1;
    %load/vec4 v0x555569f05b60_0;
    %store/vec4 v0x555569e8cdb0_0, 0, 256;
    %pushi/vec4 0, 0, 1;
    %store/vec4 v0x555569e8c970_0, 0, 1;
    %load/vec4 v0x555569ec4cb0_0;
    %store/vec4 v0x555569e8d630_0, 0, 128;
    %load/vec4 v0x555569f03ff0_0;
    %store/vec4 v0x555569e8d2b0_0, 0, 128;
    %fork TD_tb_aes.ecb_mode_single_block_test, S_0x555569f180f0;
    %join;
    %vpi_call/w 3 503 "$display", "\000" {0 0 0};
    %vpi_call/w 3 504 "$display", "ECB 256 bit key tests" {0 0 0};
    %vpi_call/w 3 505 "$display", "---------------------" {0 0 0};
    %pushi/vec4 16, 0, 8;
    %store/vec4 v0x555569e8c530_0, 0, 8;
    %pushi/vec4 1, 0, 1;
    %store/vec4 v0x555569e8d1f0_0, 0, 1;
    %load/vec4 v0x555569f05c30_0;
    %store/vec4 v0x555569e8cdb0_0, 0, 256;
    %pushi/vec4 1, 0, 1;
    %store/vec4 v0x555569e8c970_0, 0, 1;
    %load/vec4 v0x555569e3d680_0;
    %store/vec4 v0x555569e8d630_0, 0, 128;
    %load/vec4 v0x555569ebc230_0;
    %store/vec4 v0x555569e8d2b0_0, 0, 128;
    %fork TD_tb_aes.ecb_mode_single_block_test, S_0x555569f180f0;
    %join;
    %pushi/vec4 17, 0, 8;
    %store/vec4 v0x555569e8c530_0, 0, 8;
    %pushi/vec4 1, 0, 1;
    %store/vec4 v0x555569e8d1f0_0, 0, 1;
    %load/vec4 v0x555569f05c30_0;
    %store/vec4 v0x555569e8cdb0_0, 0, 256;
    %pushi/vec4 1, 0, 1;
    %store/vec4 v0x555569e8c970_0, 0, 1;
    %load/vec4 v0x555569f04b70_0;
    %store/vec4 v0x555569e8d630_0, 0, 128;
    %load/vec4 v0x555569e3e3f0_0;
    %store/vec4 v0x555569e8d2b0_0, 0, 128;
    %fork TD_tb_aes.ecb_mode_single_block_test, S_0x555569f180f0;
    %join;
    %pushi/vec4 18, 0, 8;
    %store/vec4 v0x555569e8c530_0, 0, 8;
    %pushi/vec4 1, 0, 1;
    %store/vec4 v0x555569e8d1f0_0, 0, 1;
    %load/vec4 v0x555569f05c30_0;
    %store/vec4 v0x555569e8cdb0_0, 0, 256;
    %pushi/vec4 1, 0, 1;
    %store/vec4 v0x555569e8c970_0, 0, 1;
    %load/vec4 v0x555569e3fd10_0;
    %store/vec4 v0x555569e8d630_0, 0, 128;
    %load/vec4 v0x555569e3c6e0_0;
    %store/vec4 v0x555569e8d2b0_0, 0, 128;
    %fork TD_tb_aes.ecb_mode_single_block_test, S_0x555569f180f0;
    %join;
    %pushi/vec4 19, 0, 8;
    %store/vec4 v0x555569e8c530_0, 0, 8;
    %pushi/vec4 1, 0, 1;
    %store/vec4 v0x555569e8d1f0_0, 0, 1;
    %load/vec4 v0x555569f05c30_0;
    %store/vec4 v0x555569e8cdb0_0, 0, 256;
    %pushi/vec4 1, 0, 1;
    %store/vec4 v0x555569e8c970_0, 0, 1;
    %load/vec4 v0x555569f04430_0;
    %store/vec4 v0x555569e8d630_0, 0, 128;
    %load/vec4 v0x555569e3d420_0;
    %store/vec4 v0x555569e8d2b0_0, 0, 128;
    %fork TD_tb_aes.ecb_mode_single_block_test, S_0x555569f180f0;
    %join;
    %pushi/vec4 20, 0, 8;
    %store/vec4 v0x555569e8c530_0, 0, 8;
    %pushi/vec4 0, 0, 1;
    %store/vec4 v0x555569e8d1f0_0, 0, 1;
    %load/vec4 v0x555569f05c30_0;
    %store/vec4 v0x555569e8cdb0_0, 0, 256;
    %pushi/vec4 1, 0, 1;
    %store/vec4 v0x555569e8c970_0, 0, 1;
    %load/vec4 v0x555569ebc230_0;
    %store/vec4 v0x555569e8d630_0, 0, 128;
    %load/vec4 v0x555569e3d680_0;
    %store/vec4 v0x555569e8d2b0_0, 0, 128;
    %fork TD_tb_aes.ecb_mode_single_block_test, S_0x555569f180f0;
    %join;
    %pushi/vec4 21, 0, 8;
    %store/vec4 v0x555569e8c530_0, 0, 8;
    %pushi/vec4 0, 0, 1;
    %store/vec4 v0x555569e8d1f0_0, 0, 1;
    %load/vec4 v0x555569f05c30_0;
    %store/vec4 v0x555569e8cdb0_0, 0, 256;
    %pushi/vec4 1, 0, 1;
    %store/vec4 v0x555569e8c970_0, 0, 1;
    %load/vec4 v0x555569e3e3f0_0;
    %store/vec4 v0x555569e8d630_0, 0, 128;
    %load/vec4 v0x555569f04b70_0;
    %store/vec4 v0x555569e8d2b0_0, 0, 128;
    %fork TD_tb_aes.ecb_mode_single_block_test, S_0x555569f180f0;
    %join;
    %pushi/vec4 22, 0, 8;
    %store/vec4 v0x555569e8c530_0, 0, 8;
    %pushi/vec4 0, 0, 1;
    %store/vec4 v0x555569e8d1f0_0, 0, 1;
    %load/vec4 v0x555569f05c30_0;
    %store/vec4 v0x555569e8cdb0_0, 0, 256;
    %pushi/vec4 1, 0, 1;
    %store/vec4 v0x555569e8c970_0, 0, 1;
    %load/vec4 v0x555569e3c6e0_0;
    %store/vec4 v0x555569e8d630_0, 0, 128;
    %load/vec4 v0x555569e3fd10_0;
    %store/vec4 v0x555569e8d2b0_0, 0, 128;
    %fork TD_tb_aes.ecb_mode_single_block_test, S_0x555569f180f0;
    %join;
    %pushi/vec4 23, 0, 8;
    %store/vec4 v0x555569e8c530_0, 0, 8;
    %pushi/vec4 0, 0, 1;
    %store/vec4 v0x555569e8d1f0_0, 0, 1;
    %load/vec4 v0x555569f05c30_0;
    %store/vec4 v0x555569e8cdb0_0, 0, 256;
    %pushi/vec4 1, 0, 1;
    %store/vec4 v0x555569e8c970_0, 0, 1;
    %load/vec4 v0x555569e3d420_0;
    %store/vec4 v0x555569e8d630_0, 0, 128;
    %load/vec4 v0x555569f04430_0;
    %store/vec4 v0x555569e8d2b0_0, 0, 128;
    %fork TD_tb_aes.ecb_mode_single_block_test, S_0x555569f180f0;
    %join;
    %pushi/vec4 24, 0, 8;
    %store/vec4 v0x555569e8c530_0, 0, 8;
    %pushi/vec4 1, 0, 1;
    %store/vec4 v0x555569e8d1f0_0, 0, 1;
    %load/vec4 v0x555569eaea00_0;
    %store/vec4 v0x555569e8cdb0_0, 0, 256;
    %pushi/vec4 1, 0, 1;
    %store/vec4 v0x555569e8c970_0, 0, 1;
    %load/vec4 v0x555569f03ff0_0;
    %store/vec4 v0x555569e8d630_0, 0, 128;
    %load/vec4 v0x555569e3cf60_0;
    %store/vec4 v0x555569e8d2b0_0, 0, 128;
    %fork TD_tb_aes.ecb_mode_single_block_test, S_0x555569f180f0;
    %join;
    %pushi/vec4 25, 0, 8;
    %store/vec4 v0x555569e8c530_0, 0, 8;
    %pushi/vec4 0, 0, 1;
    %store/vec4 v0x555569e8d1f0_0, 0, 1;
    %load/vec4 v0x555569eaea00_0;
    %store/vec4 v0x555569e8cdb0_0, 0, 256;
    %pushi/vec4 1, 0, 1;
    %store/vec4 v0x555569e8c970_0, 0, 1;
    %load/vec4 v0x555569e3cf60_0;
    %store/vec4 v0x555569e8d630_0, 0, 128;
    %load/vec4 v0x555569f03ff0_0;
    %store/vec4 v0x555569e8d2b0_0, 0, 128;
    %fork TD_tb_aes.ecb_mode_single_block_test, S_0x555569f180f0;
    %join;
    %end;
S_0x555569e3b870 .scope begin, "clk_gen" "clk_gen" 3 133, 3 133 0, S_0x555569e3f530;
 .timescale 0 0;
S_0x555569f04f00 .scope task, "display_test_results" "display_test_results" 3 202, 3 202 0, S_0x555569e3f530;
 .timescale 0 0;
TD_tb_aes.display_test_results ;
    %load/vec4 v0x555569e8a770_0;
    %cmpi/e 0, 0, 32;
    %jmp/0xz  T_1.0, 4;
    %vpi_call/w 3 206 "$display", "*** All %02d test cases completed successfully", v0x555569e88df0_0 {0 0 0};
    %jmp T_1.1;
T_1.0 ;
    %vpi_call/w 3 210 "$display", "*** %02d tests completed - %02d test cases did not complete successfully.", v0x555569e88df0_0, v0x555569e8a770_0 {0 0 0};
T_1.1 ;
    %end;
S_0x555569e46080 .scope task, "dump_dut_state" "dump_dut_state" 3 163, 3 163 0, S_0x555569e3f530;
 .timescale 0 0;
TD_tb_aes.dump_dut_state ;
    %vpi_call/w 3 165 "$display", "cycle: 0x%016x", v0x555569e8abb0_0 {0 0 0};
    %vpi_call/w 3 166 "$display", "State of DUT" {0 0 0};
    %vpi_call/w 3 167 "$display", "------------" {0 0 0};
    %vpi_call/w 3 168 "$display", "ctrl_reg:   init   = 0x%01x, next   = 0x%01x", v0x555569e8fc70_0, v0x555569e8efb0_0 {0 0 0};
    %vpi_call/w 3 169 "$display", "config_reg: encdec = 0x%01x, length = 0x%01x ", v0x555569e900b0_0, v0x555569e8f3f0_0 {0 0 0};
    %vpi_call/w 3 170 "$display", "\000" {0 0 0};
    %vpi_call/w 3 172 "$display", "block: 0x%08x, 0x%08x, 0x%08x, 0x%08x", &A<v0x555569e922b0, 0>, &A<v0x555569e922b0, 1>, &A<v0x555569e922b0, 2>, &A<v0x555569e922b0, 3> {0 0 0};
    %vpi_call/w 3 174 "$display", "\000" {0 0 0};
    %end;
S_0x555569e45680 .scope module, "dut" "aes" 3 116, 4 41 0, S_0x555569e3f530;
 .timescale 0 0;
    .port_info 0 /INPUT 1 "clk";
    .port_info 1 /INPUT 1 "reset_n";
    .port_info 2 /INPUT 1 "cs";
    .port_info 3 /INPUT 1 "we";
    .port_info 4 /INPUT 8 "address";
    .port_info 5 /INPUT 32 "write_data";
    .port_info 6 /OUTPUT 32 "read_data";
P_0x555569f13750 .param/l "ADDR_BLOCK0" 1 4 78, C4<00100000>;
P_0x555569f13790 .param/l "ADDR_BLOCK3" 1 4 79, C4<00100011>;
P_0x555569f137d0 .param/l "ADDR_CONFIG" 1 4 71, C4<00001010>;
P_0x555569f13810 .param/l "ADDR_CTRL" 1 4 63, C4<00001000>;
P_0x555569f13850 .param/l "ADDR_KEY0" 1 4 75, C4<00010000>;
P_0x555569f13890 .param/l "ADDR_KEY7" 1 4 76, C4<00010111>;
P_0x555569f138d0 .param/l "ADDR_NAME0" 1 4 59, C4<00000000>;
P_0x555569f13910 .param/l "ADDR_NAME1" 1 4 60, C4<00000001>;
P_0x555569f13950 .param/l "ADDR_RESULT0" 1 4 81, C4<00110000>;
P_0x555569f13990 .param/l "ADDR_RESULT3" 1 4 82, C4<00110011>;
P_0x555569f139d0 .param/l "ADDR_STATUS" 1 4 67, C4<00001001>;
P_0x555569f13a10 .param/l "ADDR_VERSION" 1 4 61, C4<00000010>;
P_0x555569f13a50 .param/l "CORE_NAME0" 1 4 84, C4<01100001011001010111001100100000>;
P_0x555569f13a90 .param/l "CORE_NAME1" 1 4 85, C4<00100000001000000010000000100000>;
P_0x555569f13ad0 .param/l "CORE_VERSION" 1 4 86, C4<00110000001011100011011000110000>;
P_0x555569f13b10 .param/l "CTRL_ENCDEC_BIT" 1 4 72, +C4<00000000000000000000000000000000>;
P_0x555569f13b50 .param/l "CTRL_INIT_BIT" 1 4 64, +C4<00000000000000000000000000000000>;
P_0x555569f13b90 .param/l "CTRL_KEYLEN_BIT" 1 4 73, +C4<00000000000000000000000000000001>;
P_0x555569f13bd0 .param/l "CTRL_NEXT_BIT" 1 4 65, +C4<00000000000000000000000000000001>;
P_0x555569f13c10 .param/l "STATUS_READY_BIT" 1 4 68, +C4<00000000000000000000000000000000>;
P_0x555569f13c50 .param/l "STATUS_VALID_BIT" 1 4 69, +C4<00000000000000000000000000000001>;
L_0x555569f0ca80 .functor BUFZ 32, v0x555569e8e2f0_0, C4<00000000000000000000000000000000>, C4<00000000000000000000000000000000>, C4<00000000000000000000000000000000>;
L_0x555569f05a50 .functor BUFZ 1, v0x555569e8fc70_0, C4<0>, C4<0>, C4<0>;
L_0x555569eae8f0 .functor BUFZ 1, v0x555569e8efb0_0, C4<0>, C4<0>, C4<0>;
L_0x555569e47ed0 .functor BUFZ 1, v0x555569e900b0_0, C4<0>, C4<0>, C4<0>;
L_0x555569e885f0 .functor BUFZ 1, v0x555569e8f3f0_0, C4<0>, C4<0>, C4<0>;
v0x555569e92730_0 .net "address", 7 0, v0x555569e89ef0_0;  1 drivers
v0x555569e922b0 .array "block_reg", 3 0, 31 0;
v0x555569e91e70_0 .var "block_we", 0 0;
v0x555569e91f10_0 .net "clk", 0 0, v0x555569e89ab0_0;  1 drivers
v0x555569e91a30_0 .var "config_we", 0 0;
v0x555569e91af0_0 .net "core_block", 127 0, L_0x555569e889b0;  1 drivers
v0x555569e915f0_0 .net "core_encdec", 0 0, L_0x555569e47ed0;  1 drivers
v0x555569e91690_0 .net "core_init", 0 0, L_0x555569f05a50;  1 drivers
v0x555569e91200_0 .net "core_key", 255 0, L_0x555569e88e90;  1 drivers
v0x555569e90d70_0 .net "core_keylen", 0 0, L_0x555569e885f0;  1 drivers
v0x555569e90e10_0 .net "core_next", 0 0, L_0x555569eae8f0;  1 drivers
v0x555569e90930_0 .net "core_ready", 0 0, L_0x555569e9e6f0;  1 drivers
v0x555569e909d0_0 .net "core_result", 127 0, L_0x555569e9eb30;  1 drivers
v0x555569e904f0_0 .net "core_valid", 0 0, L_0x555569e9e2b0;  1 drivers
v0x555569e90590_0 .net "cs", 0 0, v0x555569e89b50_0;  1 drivers
v0x555569e900b0_0 .var "encdec_reg", 0 0;
v0x555569e90150_0 .var "init_new", 0 0;
v0x555569e8fc70_0 .var "init_reg", 0 0;
v0x555569e8fd30 .array "key_reg", 7 0, 31 0;
v0x555569e8f890_0 .var "key_we", 0 0;
v0x555569e8f3f0_0 .var "keylen_reg", 0 0;
v0x555569e8f4b0_0 .var "next_new", 0 0;
v0x555569e8efb0_0 .var "next_reg", 0 0;
v0x555569e8f070_0 .net "read_data", 31 0, L_0x555569f0ca80;  alias, 1 drivers
v0x555569e8eb90_0 .var "ready_reg", 0 0;
v0x555569e8e730_0 .net "reset_n", 0 0, v0x555569e89710_0;  1 drivers
v0x555569e8e7d0_0 .var "result_reg", 127 0;
v0x555569e8e2f0_0 .var "tmp_read_data", 31 0;
v0x555569e8deb0_0 .var "valid_reg", 0 0;
v0x555569e8df70_0 .net "we", 0 0, v0x555569e89230_0;  1 drivers
v0x555569e8da70_0 .net "write_data", 31 0, v0x555569e892d0_0;  1 drivers
E_0x555569ca78a0/0 .event anyedge, v0x555569e90590_0, v0x555569e8df70_0, v0x555569e92730_0, v0x555569e8da70_0;
E_0x555569ca78a0/1 .event anyedge, v0x555569e8f3f0_0, v0x555569e900b0_0, v0x555569e8efb0_0, v0x555569e8fc70_0;
E_0x555569ca78a0/2 .event anyedge, v0x555569e8deb0_0, v0x555569e8eb90_0, v0x555569e8e7d0_0;
E_0x555569ca78a0 .event/or E_0x555569ca78a0/0, E_0x555569ca78a0/1, E_0x555569ca78a0/2;
v0x555569e8fd30_7 .array/port v0x555569e8fd30, 7;
v0x555569e8fd30_6 .array/port v0x555569e8fd30, 6;
v0x555569e8fd30_5 .array/port v0x555569e8fd30, 5;
v0x555569e8fd30_4 .array/port v0x555569e8fd30, 4;
LS_0x555569e88e90_0_0 .concat [ 32 32 32 32], v0x555569e8fd30_7, v0x555569e8fd30_6, v0x555569e8fd30_5, v0x555569e8fd30_4;
v0x555569e8fd30_3 .array/port v0x555569e8fd30, 3;
v0x555569e8fd30_2 .array/port v0x555569e8fd30, 2;
v0x555569e8fd30_1 .array/port v0x555569e8fd30, 1;
v0x555569e8fd30_0 .array/port v0x555569e8fd30, 0;
LS_0x555569e88e90_0_4 .concat [ 32 32 32 32], v0x555569e8fd30_3, v0x555569e8fd30_2, v0x555569e8fd30_1, v0x555569e8fd30_0;
L_0x555569e88e90 .concat [ 128 128 0 0], LS_0x555569e88e90_0_0, LS_0x555569e88e90_0_4;
v0x555569e922b0_3 .array/port v0x555569e922b0, 3;
v0x555569e922b0_2 .array/port v0x555569e922b0, 2;
v0x555569e922b0_1 .array/port v0x555569e922b0, 1;
v0x555569e922b0_0 .array/port v0x555569e922b0, 0;
L_0x555569e889b0 .concat [ 32 32 32 32], v0x555569e922b0_3, v0x555569e922b0_2, v0x555569e922b0_1, v0x555569e922b0_0;
S_0x555569e45290 .scope begin, "api" "api" 4 222, 4 222 0, S_0x555569e45680;
 .timescale 0 0;
S_0x555569ea0cd0 .scope module, "core" "aes_core" 4 148, 5 42 0, S_0x555569e45680;
 .timescale 0 0;
    .port_info 0 /INPUT 1 "clk";
    .port_info 1 /INPUT 1 "reset_n";
    .port_info 2 /INPUT 1 "encdec";
    .port_info 3 /INPUT 1 "init";
    .port_info 4 /INPUT 1 "next";
    .port_info 5 /OUTPUT 1 "ready";
    .port_info 6 /INPUT 256 "key";
    .port_info 7 /INPUT 1 "keylen";
    .port_info 8 /INPUT 128 "block";
    .port_info 9 /OUTPUT 128 "result";
    .port_info 10 /OUTPUT 1 "result_valid";
P_0x555569f02230 .param/l "CTRL_IDLE" 1 5 65, C4<00>;
P_0x555569f02270 .param/l "CTRL_INIT" 1 5 66, C4<01>;
P_0x555569f022b0 .param/l "CTRL_NEXT" 1 5 67, C4<10>;
L_0x555569e9e6f0 .functor BUFZ 1, v0x555569e94070_0, C4<0>, C4<0>, C4<0>;
L_0x555569e9eb30 .functor BUFZ 128, v0x555569e95170_0, C4<00000000000000000000000000000000000000000000000000000000000000000000000000000000000000000000000000000000000000000000000000000000>, C4<00000000000000000000000000000000000000000000000000000000000000000000000000000000000000000000000000000000000000000000000000000000>, C4<00000000000000000000000000000000000000000000000000000000000000000000000000000000000000000000000000000000000000000000000000000000>;
L_0x555569e9e2b0 .functor BUFZ 1, v0x555569e933b0_0, C4<0>, C4<0>, C4<0>;
v0x555569e98980_0 .var "aes_core_ctrl_new", 1 0;
v0x555569e984d0_0 .var "aes_core_ctrl_reg", 1 0;
v0x555569e98030_0 .var "aes_core_ctrl_we", 0 0;
v0x555569e980d0_0 .net "block", 127 0, L_0x555569e889b0;  alias, 1 drivers
v0x555569e97c40_0 .net "clk", 0 0, v0x555569e89ab0_0;  alias, 1 drivers
v0x555569e977b0_0 .net "dec_new_block", 127 0, L_0x555569eef8b0;  1 drivers
v0x555569e97870_0 .var "dec_next", 0 0;
v0x555569e97370_0 .net "dec_ready", 0 0, L_0x555569eefcf0;  1 drivers
v0x555569e97410_0 .net "dec_round_nr", 3 0, L_0x555569e7dfe0;  1 drivers
v0x555569e96f30_0 .net "enc_new_block", 127 0, L_0x555569e87cf0;  1 drivers
v0x555569e96fd0_0 .var "enc_next", 0 0;
v0x555569e96af0_0 .net "enc_ready", 0 0, L_0x555569e878b0;  1 drivers
v0x555569e96b90_0 .net "enc_round_nr", 3 0, L_0x555569e88130;  1 drivers
v0x555569e966b0_0 .net "enc_sboxw", 31 0, L_0x555569e881a0;  1 drivers
v0x555569e96750_0 .net "encdec", 0 0, L_0x555569e47ed0;  alias, 1 drivers
v0x555569e96270_0 .net "init", 0 0, L_0x555569f05a50;  alias, 1 drivers
v0x555569e96310_0 .var "init_state", 0 0;
v0x555569e959f0_0 .net "key", 255 0, L_0x555569e88e90;  alias, 1 drivers
v0x555569e95a90_0 .net "key_ready", 0 0, L_0x555569ef0160;  1 drivers
v0x555569e955b0_0 .net "keylen", 0 0, L_0x555569e885f0;  alias, 1 drivers
v0x555569e95650_0 .net "keymem_sboxw", 31 0, L_0x555569ef01d0;  1 drivers
v0x555569e95170_0 .var "muxed_new_block", 127 0;
v0x555569e95210_0 .var "muxed_ready", 0 0;
v0x555569e94d30_0 .var "muxed_round_nr", 3 0;
v0x555569e94dd0_0 .var "muxed_sboxw", 31 0;
v0x555569e948f0_0 .net "new_sboxw", 31 0, L_0x555569e7d3b0;  1 drivers
v0x555569e94990_0 .net "next", 0 0, L_0x555569eae8f0;  alias, 1 drivers
v0x555569e944b0_0 .net "ready", 0 0, L_0x555569e9e6f0;  alias, 1 drivers
v0x555569e94570_0 .var "ready_new", 0 0;
v0x555569e94070_0 .var "ready_reg", 0 0;
v0x555569e94130_0 .var "ready_we", 0 0;
v0x555569e93c30_0 .net "reset_n", 0 0, v0x555569e89710_0;  alias, 1 drivers
v0x555569e93cd0_0 .net "result", 127 0, L_0x555569e9eb30;  alias, 1 drivers
v0x555569e937f0_0 .net "result_valid", 0 0, L_0x555569e9e2b0;  alias, 1 drivers
v0x555569e938b0_0 .var "result_valid_new", 0 0;
v0x555569e933b0_0 .var "result_valid_reg", 0 0;
v0x555569e93450_0 .var "result_valid_we", 0 0;
v0x555569e92f70_0 .net "round_key", 127 0, L_0x555569eefdb0;  1 drivers
E_0x555569ca7db0/0 .event anyedge, v0x555569e984d0_0, v0x555569ed03f0_0, v0x555569e94990_0, v0x555569eccbf0_0;
E_0x555569ca7db0/1 .event anyedge, v0x555569e95210_0;
E_0x555569ca7db0 .event/or E_0x555569ca7db0/0, E_0x555569ca7db0/1;
E_0x555569c922e0/0 .event anyedge, v0x555569e96750_0, v0x555569e94990_0, v0x555569ed7a30_0, v0x555569ed9030_0;
E_0x555569c922e0/1 .event anyedge, v0x555569ed87b0_0, v0x555569ee8af0_0, v0x555569ee9b30_0, v0x555569ee92b0_0;
E_0x555569c922e0 .event/or E_0x555569c922e0/0, E_0x555569c922e0/1;
E_0x555569f03ce0 .event anyedge, v0x555569e96310_0, v0x555569ecaab0_0, v0x555569ed64f0_0;
S_0x555569e3d1c0 .scope begin, "aes_core_ctrl" "aes_core_ctrl" 5 269, 5 269 0, S_0x555569ea0cd0;
 .timescale 0 0;
S_0x555569e3cd00 .scope module, "dec_block" "aes_decipher_block" 5 139, 6 43 0, S_0x555569ea0cd0;
 .timescale 0 0;
    .port_info 0 /INPUT 1 "clk";
    .port_info 1 /INPUT 1 "reset_n";
    .port_info 2 /INPUT 1 "next";
    .port_info 3 /INPUT 1 "keylen";
    .port_info 4 /OUTPUT 4 "round";
    .port_info 5 /INPUT 128 "round_key";
    .port_info 6 /INPUT 128 "block";
    .port_info 7 /OUTPUT 128 "new_block";
    .port_info 8 /OUTPUT 1 "ready";
P_0x555569cfde20 .param/l "AES128_ROUNDS" 1 6 65, C4<1010>;
P_0x555569cfde60 .param/l "AES256_ROUNDS" 1 6 66, C4<1110>;
P_0x555569cfdea0 .param/l "AES_128_BIT_KEY" 1 6 62, C4<0>;
P_0x555569cfdee0 .param/l "AES_256_BIT_KEY" 1 6 63, C4<1>;
P_0x555569cfdf20 .param/l "CTRL_IDLE" 1 6 74, C4<00>;
P_0x555569cfdf60 .param/l "CTRL_INIT" 1 6 75, C4<01>;
P_0x555569cfdfa0 .param/l "CTRL_MAIN" 1 6 77, C4<11>;
P_0x555569cfdfe0 .param/l "CTRL_SBOX" 1 6 76, C4<10>;
P_0x555569cfe020 .param/l "FINAL_UPDATE" 1 6 72, C4<100>;
P_0x555569cfe060 .param/l "INIT_UPDATE" 1 6 69, C4<001>;
P_0x555569cfe0a0 .param/l "MAIN_UPDATE" 1 6 71, C4<011>;
P_0x555569cfe0e0 .param/l "NO_UPDATE" 1 6 68, C4<000>;
P_0x555569cfe120 .param/l "SBOX_UPDATE" 1 6 70, C4<010>;
L_0x555569e7dfe0 .functor BUFZ 4, v0x555569ee81b0_0, C4<0000>, C4<0000>, C4<0000>;
L_0x555569eefcf0 .functor BUFZ 1, v0x555569ee8e70_0, C4<0>, C4<0>, C4<0>;
v0x555569eec5b0_0 .net "block", 127 0, L_0x555569e889b0;  alias, 1 drivers
v0x555569eec170_0 .var "block_new", 127 0;
v0x555569eebd30_0 .var "block_w0_reg", 31 0;
v0x555569eebdf0_0 .var "block_w0_we", 0 0;
v0x555569eeb8f0_0 .var "block_w1_reg", 31 0;
v0x555569eeb4b0_0 .var "block_w1_we", 0 0;
v0x555569eeb570_0 .var "block_w2_reg", 31 0;
v0x555569eeb070_0 .var "block_w2_we", 0 0;
v0x555569eeb130_0 .var "block_w3_reg", 31 0;
v0x555569eeac30_0 .var "block_w3_we", 0 0;
v0x555569eeacf0_0 .net "clk", 0 0, v0x555569e89ab0_0;  alias, 1 drivers
v0x555569eea7f0_0 .var "dec_ctrl_new", 1 0;
v0x555569eea3b0_0 .var "dec_ctrl_reg", 1 0;
v0x555569ee9f70_0 .var "dec_ctrl_we", 0 0;
v0x555569eea030_0 .net "keylen", 0 0, L_0x555569e885f0;  alias, 1 drivers
v0x555569ee9b30_0 .net "new_block", 127 0, L_0x555569eef8b0;  alias, 1 drivers
v0x555569ee96f0_0 .net "new_sboxw", 31 0, L_0x555569e84e30;  1 drivers
v0x555569ee97b0_0 .net "next", 0 0, v0x555569e97870_0;  1 drivers
v0x555569ee92b0_0 .net "ready", 0 0, L_0x555569eefcf0;  alias, 1 drivers
v0x555569ee9370_0 .var "ready_new", 0 0;
v0x555569ee8e70_0 .var "ready_reg", 0 0;
v0x555569ee8f30_0 .var "ready_we", 0 0;
v0x555569ee8a30_0 .net "reset_n", 0 0, v0x555569e89710_0;  alias, 1 drivers
v0x555569ee8af0_0 .net "round", 3 0, L_0x555569e7dfe0;  alias, 1 drivers
v0x555569ee85f0_0 .var "round_ctr_dec", 0 0;
v0x555569ee86b0_0 .var "round_ctr_new", 3 0;
v0x555569ee81b0_0 .var "round_ctr_reg", 3 0;
v0x555569ee7d70_0 .var "round_ctr_set", 0 0;
v0x555569ee7e30_0 .var "round_ctr_we", 0 0;
v0x555569ee7930_0 .net "round_key", 127 0, L_0x555569eefdb0;  alias, 1 drivers
v0x555569ee74f0_0 .var "sword_ctr_inc", 0 0;
v0x555569ee75b0_0 .var "sword_ctr_new", 1 0;
v0x555569ee70b0_0 .var "sword_ctr_reg", 1 0;
v0x555569ee6c70_0 .var "sword_ctr_rst", 0 0;
v0x555569ee6d30_0 .var "sword_ctr_we", 0 0;
v0x555569ee6830_0 .var "tmp_sboxw", 31 0;
v0x555569ee63f0_0 .var "update_type", 2 0;
E_0x555569f038a0 .event anyedge, v0x555569eea3b0_0, v0x555569ee97b0_0, v0x555569ee70b0_0, v0x555569ee81b0_0;
E_0x555569eff8e0 .event anyedge, v0x555569ee7d70_0, v0x555569eea030_0, v0x555569ee85f0_0, v0x555569ee81b0_0;
E_0x555569eff060 .event anyedge, v0x555569ee6c70_0, v0x555569ee74f0_0, v0x555569ee70b0_0;
E_0x555569eff4a0/0 .event anyedge, v0x555569eebd30_0, v0x555569eeb8f0_0, v0x555569eeb570_0, v0x555569eeb130_0;
E_0x555569eff4a0/1 .event anyedge, v0x555569ee63f0_0, v0x555569eec5b0_0, v0x555569eecab0_0, v0x555569ee7930_0;
E_0x555569eff4a0/2 .event anyedge, v0x555569cba300_0, v0x555569eec9f0_0, v0x555569eef030_0, v0x555569ee70b0_0;
E_0x555569eff4a0/3 .event anyedge, v0x555569eece30_0;
E_0x555569eff4a0 .event/or E_0x555569eff4a0/0, E_0x555569eff4a0/1, E_0x555569eff4a0/2, E_0x555569eff4a0/3;
E_0x555569efe770/0 .event negedge, v0x555569ee8a30_0;
E_0x555569efe770/1 .event posedge, v0x555569eeacf0_0;
E_0x555569efe770 .event/or E_0x555569efe770/0, E_0x555569efe770/1;
L_0x555569eef8b0 .concat [ 32 32 32 32], v0x555569eeb130_0, v0x555569eeb570_0, v0x555569eeb8f0_0, v0x555569eebd30_0;
S_0x555569e3caa0 .scope autofunction.vec4.s128, "addroundkey" "addroundkey" 6 185, 6 185 0, S_0x555569e3cd00;
 .timescale 0 0;
; Variable addroundkey is vec4 return value of scope S_0x555569e3caa0
v0x555569efde30_0 .var "data", 127 0;
v0x555569efd9f0_0 .var "rkey", 127 0;
TD_tb_aes.dut.core.dec_block.addroundkey ;
    %load/vec4 v0x555569efde30_0;
    %load/vec4 v0x555569efd9f0_0;
    %xor;
    %ret/vec4 0, 0, 128;  Assign to addroundkey (store_vec4_to_lval)
    %end;
S_0x555569e3c840 .scope begin, "decipher_ctrl" "decipher_ctrl" 6 452, 6 452 0, S_0x555569e3cd00;
 .timescale 0 0;
S_0x555569e3eca0 .scope autofunction.vec4.s8, "gm09" "gm09" 6 107, 6 107 0, S_0x555569e3cd00;
 .timescale 0 0;
; Variable gm09 is vec4 return value of scope S_0x555569e3eca0
v0x555569efd5b0_0 .var "op", 7 0;
TD_tb_aes.dut.core.dec_block.gm09 ;
    %alloc S_0x555569cce440;
    %load/vec4 v0x555569efd5b0_0;
    %store/vec4 v0x555569cce6d0_0, 0, 8;
    %callf/vec4 TD_tb_aes.dut.core.dec_block.gm8, S_0x555569cce440;
    %free S_0x555569cce440;
    %load/vec4 v0x555569efd5b0_0;
    %xor;
    %ret/vec4 0, 0, 8;  Assign to gm09 (store_vec4_to_lval)
    %end;
S_0x555569e3d8e0 .scope autofunction.vec4.s8, "gm11" "gm11" 6 113, 6 113 0, S_0x555569e3cd00;
 .timescale 0 0;
; Variable gm11 is vec4 return value of scope S_0x555569e3d8e0
v0x555569efcd30_0 .var "op", 7 0;
TD_tb_aes.dut.core.dec_block.gm11 ;
    %alloc S_0x555569cce440;
    %load/vec4 v0x555569efcd30_0;
    %store/vec4 v0x555569cce6d0_0, 0, 8;
    %callf/vec4 TD_tb_aes.dut.core.dec_block.gm8, S_0x555569cce440;
    %free S_0x555569cce440;
    %alloc S_0x555569e3e7e0;
    %load/vec4 v0x555569efcd30_0;
    %store/vec4 v0x555569efb3b0_0, 0, 8;
    %callf/vec4 TD_tb_aes.dut.core.dec_block.gm2, S_0x555569e3e7e0;
    %free S_0x555569e3e7e0;
    %xor;
    %load/vec4 v0x555569efcd30_0;
    %xor;
    %ret/vec4 0, 0, 8;  Assign to gm11 (store_vec4_to_lval)
    %end;
S_0x555569e3f920 .scope autofunction.vec4.s8, "gm13" "gm13" 6 119, 6 119 0, S_0x555569e3cd00;
 .timescale 0 0;
; Variable gm13 is vec4 return value of scope S_0x555569e3f920
v0x555569efc4b0_0 .var "op", 7 0;
TD_tb_aes.dut.core.dec_block.gm13 ;
    %alloc S_0x555569cce440;
    %load/vec4 v0x555569efc4b0_0;
    %store/vec4 v0x555569cce6d0_0, 0, 8;
    %callf/vec4 TD_tb_aes.dut.core.dec_block.gm8, S_0x555569cce440;
    %free S_0x555569cce440;
    %alloc S_0x555569f122d0;
    %load/vec4 v0x555569efc4b0_0;
    %store/vec4 v0x555569efa6f0_0, 0, 8;
    %callf/vec4 TD_tb_aes.dut.core.dec_block.gm4, S_0x555569f122d0;
    %free S_0x555569f122d0;
    %xor;
    %load/vec4 v0x555569efc4b0_0;
    %xor;
    %ret/vec4 0, 0, 8;  Assign to gm13 (store_vec4_to_lval)
    %end;
S_0x555569e3ea40 .scope autofunction.vec4.s8, "gm14" "gm14" 6 125, 6 125 0, S_0x555569e3cd00;
 .timescale 0 0;
; Variable gm14 is vec4 return value of scope S_0x555569e3ea40
v0x555569efbc30_0 .var "op", 7 0;
TD_tb_aes.dut.core.dec_block.gm14 ;
    %alloc S_0x555569cce440;
    %load/vec4 v0x555569efbc30_0;
    %store/vec4 v0x555569cce6d0_0, 0, 8;
    %callf/vec4 TD_tb_aes.dut.core.dec_block.gm8, S_0x555569cce440;
    %free S_0x555569cce440;
    %alloc S_0x555569f122d0;
    %load/vec4 v0x555569efbc30_0;
    %store/vec4 v0x555569efa6f0_0, 0, 8;
    %callf/vec4 TD_tb_aes.dut.core.dec_block.gm4, S_0x555569f122d0;
    %free S_0x555569f122d0;
    %xor;
    %alloc S_0x555569e3e7e0;
    %load/vec4 v0x555569efbc30_0;
    %store/vec4 v0x555569efb3b0_0, 0, 8;
    %callf/vec4 TD_tb_aes.dut.core.dec_block.gm2, S_0x555569e3e7e0;
    %free S_0x555569e3e7e0;
    %xor;
    %ret/vec4 0, 0, 8;  Assign to gm14 (store_vec4_to_lval)
    %end;
S_0x555569e3e7e0 .scope autofunction.vec4.s8, "gm2" "gm2" 6 83, 6 83 0, S_0x555569e3cd00;
 .timescale 0 0;
; Variable gm2 is vec4 return value of scope S_0x555569e3e7e0
v0x555569efb3b0_0 .var "op", 7 0;
TD_tb_aes.dut.core.dec_block.gm2 ;
    %load/vec4 v0x555569efb3b0_0;
    %parti/s 7, 0, 2;
    %concati/vec4 0, 0, 1;
    %pushi/vec4 27, 0, 8;
    %load/vec4 v0x555569efb3b0_0;
    %parti/s 1, 7, 4;
    %replicate 8;
    %and;
    %xor;
    %ret/vec4 0, 0, 8;  Assign to gm2 (store_vec4_to_lval)
    %end;
S_0x555569e3e580 .scope autofunction.vec4.s8, "gm3" "gm3" 6 89, 6 89 0, S_0x555569e3cd00;
 .timescale 0 0;
; Variable gm3 is vec4 return value of scope S_0x555569e3e580
v0x555569efab30_0 .var "op", 7 0;
TD_tb_aes.dut.core.dec_block.gm3 ;
    %alloc S_0x555569e3e7e0;
    %load/vec4 v0x555569efab30_0;
    %store/vec4 v0x555569efb3b0_0, 0, 8;
    %callf/vec4 TD_tb_aes.dut.core.dec_block.gm2, S_0x555569e3e7e0;
    %free S_0x555569e3e7e0;
    %load/vec4 v0x555569efab30_0;
    %xor;
    %ret/vec4 0, 0, 8;  Assign to gm3 (store_vec4_to_lval)
    %end;
S_0x555569f122d0 .scope autofunction.vec4.s8, "gm4" "gm4" 6 95, 6 95 0, S_0x555569e3cd00;
 .timescale 0 0;
; Variable gm4 is vec4 return value of scope S_0x555569f122d0
v0x555569efa6f0_0 .var "op", 7 0;
TD_tb_aes.dut.core.dec_block.gm4 ;
    %alloc S_0x555569e3e7e0;
    %alloc S_0x555569e3e7e0;
    %load/vec4 v0x555569efa6f0_0;
    %store/vec4 v0x555569efb3b0_0, 0, 8;
    %callf/vec4 TD_tb_aes.dut.core.dec_block.gm2, S_0x555569e3e7e0;
    %free S_0x555569e3e7e0;
    %store/vec4 v0x555569efb3b0_0, 0, 8;
    %callf/vec4 TD_tb_aes.dut.core.dec_block.gm2, S_0x555569e3e7e0;
    %free S_0x555569e3e7e0;
    %ret/vec4 0, 0, 8;  Assign to gm4 (store_vec4_to_lval)
    %end;
S_0x555569cce440 .scope autofunction.vec4.s8, "gm8" "gm8" 6 101, 6 101 0, S_0x555569e3cd00;
 .timescale 0 0;
; Variable gm8 is vec4 return value of scope S_0x555569cce440
v0x555569cce6d0_0 .var "op", 7 0;
TD_tb_aes.dut.core.dec_block.gm8 ;
    %alloc S_0x555569e3e7e0;
    %alloc S_0x555569f122d0;
    %load/vec4 v0x555569cce6d0_0;
    %store/vec4 v0x555569efa6f0_0, 0, 8;
    %callf/vec4 TD_tb_aes.dut.core.dec_block.gm4, S_0x555569f122d0;
    %free S_0x555569f122d0;
    %store/vec4 v0x555569efb3b0_0, 0, 8;
    %callf/vec4 TD_tb_aes.dut.core.dec_block.gm2, S_0x555569e3e7e0;
    %free S_0x555569e3e7e0;
    %ret/vec4 0, 0, 8;  Assign to gm8 (store_vec4_to_lval)
    %end;
S_0x555569d8c560 .scope autofunction.vec4.s128, "inv_mixcolumns" "inv_mixcolumns" 6 149, 6 149 0, S_0x555569e3cd00;
 .timescale 0 0;
v0x555569d8c740_0 .var "data", 127 0;
; Variable inv_mixcolumns is vec4 return value of scope S_0x555569d8c560
v0x555569d8c920_0 .var "w0", 31 0;
v0x555569cce7b0_0 .var "w1", 31 0;
v0x555569efa2b0_0 .var "w2", 31 0;
v0x555569ef9e70_0 .var "w3", 31 0;
v0x555569ef9a30_0 .var "ws0", 31 0;
v0x555569ef95f0_0 .var "ws1", 31 0;
v0x555569ef91b0_0 .var "ws2", 31 0;
v0x555569ef8d70_0 .var "ws3", 31 0;
TD_tb_aes.dut.core.dec_block.inv_mixcolumns ;
    %load/vec4 v0x555569d8c740_0;
    %parti/s 32, 96, 8;
    %store/vec4 v0x555569d8c920_0, 0, 32;
    %load/vec4 v0x555569d8c740_0;
    %parti/s 32, 64, 8;
    %store/vec4 v0x555569cce7b0_0, 0, 32;
    %load/vec4 v0x555569d8c740_0;
    %parti/s 32, 32, 7;
    %store/vec4 v0x555569efa2b0_0, 0, 32;
    %load/vec4 v0x555569d8c740_0;
    %parti/s 32, 0, 2;
    %store/vec4 v0x555569ef9e70_0, 0, 32;
    %alloc S_0x555569d342c0;
    %load/vec4 v0x555569d8c920_0;
    %store/vec4 v0x555569ef73f0_0, 0, 32;
    %callf/vec4 TD_tb_aes.dut.core.dec_block.inv_mixw, S_0x555569d342c0;
    %free S_0x555569d342c0;
    %store/vec4 v0x555569ef9a30_0, 0, 32;
    %alloc S_0x555569d342c0;
    %load/vec4 v0x555569cce7b0_0;
    %store/vec4 v0x555569ef73f0_0, 0, 32;
    %callf/vec4 TD_tb_aes.dut.core.dec_block.inv_mixw, S_0x555569d342c0;
    %free S_0x555569d342c0;
    %store/vec4 v0x555569ef95f0_0, 0, 32;
    %alloc S_0x555569d342c0;
    %load/vec4 v0x555569efa2b0_0;
    %store/vec4 v0x555569ef73f0_0, 0, 32;
    %callf/vec4 TD_tb_aes.dut.core.dec_block.inv_mixw, S_0x555569d342c0;
    %free S_0x555569d342c0;
    %store/vec4 v0x555569ef91b0_0, 0, 32;
    %alloc S_0x555569d342c0;
    %load/vec4 v0x555569ef9e70_0;
    %store/vec4 v0x555569ef73f0_0, 0, 32;
    %callf/vec4 TD_tb_aes.dut.core.dec_block.inv_mixw, S_0x555569d342c0;
    %free S_0x555569d342c0;
    %store/vec4 v0x555569ef8d70_0, 0, 32;
    %load/vec4 v0x555569ef9a30_0;
    %load/vec4 v0x555569ef95f0_0;
    %concat/vec4; draw_concat_vec4
    %load/vec4 v0x555569ef91b0_0;
    %concat/vec4; draw_concat_vec4
    %load/vec4 v0x555569ef8d70_0;
    %concat/vec4; draw_concat_vec4
    %ret/vec4 0, 0, 128;  Assign to inv_mixcolumns (store_vec4_to_lval)
    %end;
S_0x555569d342c0 .scope autofunction.vec4.s32, "inv_mixw" "inv_mixw" 6 131, 6 131 0, S_0x555569e3cd00;
 .timescale 0 0;
v0x555569d34450_0 .var "b0", 7 0;
v0x555569d34550_0 .var "b1", 7 0;
v0x555569d34630_0 .var "b2", 7 0;
v0x555569d346f0_0 .var "b3", 7 0;
; Variable inv_mixw is vec4 return value of scope S_0x555569d342c0
v0x555569ef84f0_0 .var "mb0", 7 0;
v0x555569ef80b0_0 .var "mb1", 7 0;
v0x555569ef7c70_0 .var "mb2", 7 0;
v0x555569ef7830_0 .var "mb3", 7 0;
v0x555569ef73f0_0 .var "w", 31 0;
TD_tb_aes.dut.core.dec_block.inv_mixw ;
    %load/vec4 v0x555569ef73f0_0;
    %parti/s 8, 24, 6;
    %store/vec4 v0x555569d34450_0, 0, 8;
    %load/vec4 v0x555569ef73f0_0;
    %parti/s 8, 16, 6;
    %store/vec4 v0x555569d34550_0, 0, 8;
    %load/vec4 v0x555569ef73f0_0;
    %parti/s 8, 8, 5;
    %store/vec4 v0x555569d34630_0, 0, 8;
    %load/vec4 v0x555569ef73f0_0;
    %parti/s 8, 0, 2;
    %store/vec4 v0x555569d346f0_0, 0, 8;
    %alloc S_0x555569e3ea40;
    %load/vec4 v0x555569d34450_0;
    %store/vec4 v0x555569efbc30_0, 0, 8;
    %callf/vec4 TD_tb_aes.dut.core.dec_block.gm14, S_0x555569e3ea40;
    %free S_0x555569e3ea40;
    %alloc S_0x555569e3d8e0;
    %load/vec4 v0x555569d34550_0;
    %store/vec4 v0x555569efcd30_0, 0, 8;
    %callf/vec4 TD_tb_aes.dut.core.dec_block.gm11, S_0x555569e3d8e0;
    %free S_0x555569e3d8e0;
    %xor;
    %alloc S_0x555569e3f920;
    %load/vec4 v0x555569d34630_0;
    %store/vec4 v0x555569efc4b0_0, 0, 8;
    %callf/vec4 TD_tb_aes.dut.core.dec_block.gm13, S_0x555569e3f920;
    %free S_0x555569e3f920;
    %xor;
    %alloc S_0x555569e3eca0;
    %load/vec4 v0x555569d346f0_0;
    %store/vec4 v0x555569efd5b0_0, 0, 8;
    %callf/vec4 TD_tb_aes.dut.core.dec_block.gm09, S_0x555569e3eca0;
    %free S_0x555569e3eca0;
    %xor;
    %store/vec4 v0x555569ef84f0_0, 0, 8;
    %alloc S_0x555569e3eca0;
    %load/vec4 v0x555569d34450_0;
    %store/vec4 v0x555569efd5b0_0, 0, 8;
    %callf/vec4 TD_tb_aes.dut.core.dec_block.gm09, S_0x555569e3eca0;
    %free S_0x555569e3eca0;
    %alloc S_0x555569e3ea40;
    %load/vec4 v0x555569d34550_0;
    %store/vec4 v0x555569efbc30_0, 0, 8;
    %callf/vec4 TD_tb_aes.dut.core.dec_block.gm14, S_0x555569e3ea40;
    %free S_0x555569e3ea40;
    %xor;
    %alloc S_0x555569e3d8e0;
    %load/vec4 v0x555569d34630_0;
    %store/vec4 v0x555569efcd30_0, 0, 8;
    %callf/vec4 TD_tb_aes.dut.core.dec_block.gm11, S_0x555569e3d8e0;
    %free S_0x555569e3d8e0;
    %xor;
    %alloc S_0x555569e3f920;
    %load/vec4 v0x555569d346f0_0;
    %store/vec4 v0x555569efc4b0_0, 0, 8;
    %callf/vec4 TD_tb_aes.dut.core.dec_block.gm13, S_0x555569e3f920;
    %free S_0x555569e3f920;
    %xor;
    %store/vec4 v0x555569ef80b0_0, 0, 8;
    %alloc S_0x555569e3f920;
    %load/vec4 v0x555569d34450_0;
    %store/vec4 v0x555569efc4b0_0, 0, 8;
    %callf/vec4 TD_tb_aes.dut.core.dec_block.gm13, S_0x555569e3f920;
    %free S_0x555569e3f920;
    %alloc S_0x555569e3eca0;
    %load/vec4 v0x555569d34550_0;
    %store/vec4 v0x555569efd5b0_0, 0, 8;
    %callf/vec4 TD_tb_aes.dut.core.dec_block.gm09, S_0x555569e3eca0;
    %free S_0x555569e3eca0;
    %xor;
    %alloc S_0x555569e3ea40;
    %load/vec4 v0x555569d34630_0;
    %store/vec4 v0x555569efbc30_0, 0, 8;
    %callf/vec4 TD_tb_aes.dut.core.dec_block.gm14, S_0x555569e3ea40;
    %free S_0x555569e3ea40;
    %xor;
    %alloc S_0x555569e3d8e0;
    %load/vec4 v0x555569d346f0_0;
    %store/vec4 v0x555569efcd30_0, 0, 8;
    %callf/vec4 TD_tb_aes.dut.core.dec_block.gm11, S_0x555569e3d8e0;
    %free S_0x555569e3d8e0;
    %xor;
    %store/vec4 v0x555569ef7c70_0, 0, 8;
    %alloc S_0x555569e3d8e0;
    %load/vec4 v0x555569d34450_0;
    %store/vec4 v0x555569efcd30_0, 0, 8;
    %callf/vec4 TD_tb_aes.dut.core.dec_block.gm11, S_0x555569e3d8e0;
    %free S_0x555569e3d8e0;
    %alloc S_0x555569e3f920;
    %load/vec4 v0x555569d34550_0;
    %store/vec4 v0x555569efc4b0_0, 0, 8;
    %callf/vec4 TD_tb_aes.dut.core.dec_block.gm13, S_0x555569e3f920;
    %free S_0x555569e3f920;
    %xor;
    %alloc S_0x555569e3eca0;
    %load/vec4 v0x555569d34630_0;
    %store/vec4 v0x555569efd5b0_0, 0, 8;
    %callf/vec4 TD_tb_aes.dut.core.dec_block.gm09, S_0x555569e3eca0;
    %free S_0x555569e3eca0;
    %xor;
    %alloc S_0x555569e3ea40;
    %load/vec4 v0x555569d346f0_0;
    %store/vec4 v0x555569efbc30_0, 0, 8;
    %callf/vec4 TD_tb_aes.dut.core.dec_block.gm14, S_0x555569e3ea40;
    %free S_0x555569e3ea40;
    %xor;
    %store/vec4 v0x555569ef7830_0, 0, 8;
    %load/vec4 v0x555569ef84f0_0;
    %load/vec4 v0x555569ef80b0_0;
    %concat/vec4; draw_concat_vec4
    %load/vec4 v0x555569ef7c70_0;
    %concat/vec4; draw_concat_vec4
    %load/vec4 v0x555569ef7830_0;
    %concat/vec4; draw_concat_vec4
    %ret/vec4 0, 0, 32;  Assign to inv_mixw (store_vec4_to_lval)
    %end;
S_0x555569d59c90 .scope module, "inv_sbox_inst" "aes_inv_sbox" 6 237, 7 40 0, S_0x555569e3cd00;
 .timescale 0 0;
    .port_info 0 /INPUT 32 "sboxw";
    .port_info 1 /OUTPUT 32 "new_sboxw";
L_0x555569e86c40 .functor BUFZ 8, L_0x555569e87970, C4<00000000>, C4<00000000>, C4<00000000>;
L_0x555569e85f30 .functor BUFZ 8, L_0x555569e867b0, C4<00000000>, C4<00000000>, C4<00000000>;
L_0x555569e852c0 .functor BUFZ 8, L_0x555569e85ff0, C4<00000000>, C4<00000000>, C4<00000000>;
L_0x555569e83d30 .functor BUFZ 8, L_0x555569e84aa0, C4<00000000>, C4<00000000>, C4<00000000>;
v0x555569d59e90_0 .net *"_ivl_11", 7 0, L_0x555569e86c40;  1 drivers
v0x555569d59f90_0 .net *"_ivl_14", 7 0, L_0x555569e867b0;  1 drivers
v0x555569d5a070_0 .net *"_ivl_17", 7 0, L_0x555569e86850;  1 drivers
v0x555569ef6fb0_0 .net *"_ivl_18", 9 0, L_0x555569e86370;  1 drivers
v0x555569ef6b70_0 .net *"_ivl_2", 7 0, L_0x555569e87970;  1 drivers
L_0x752d8fe6d060 .functor BUFT 1, C4<00>, C4<0>, C4<0>, C4<0>;
v0x555569ef6730_0 .net *"_ivl_21", 1 0, L_0x752d8fe6d060;  1 drivers
v0x555569ef62f0_0 .net *"_ivl_23", 7 0, L_0x555569e85f30;  1 drivers
v0x555569ef5eb0_0 .net *"_ivl_26", 7 0, L_0x555569e85ff0;  1 drivers
v0x555569ef5a70_0 .net *"_ivl_29", 7 0, L_0x555569e85af0;  1 drivers
v0x555569ef5630_0 .net *"_ivl_30", 9 0, L_0x555569e85700;  1 drivers
L_0x752d8fe6d0a8 .functor BUFT 1, C4<00>, C4<0>, C4<0>, C4<0>;
v0x555569ef51f0_0 .net *"_ivl_33", 1 0, L_0x752d8fe6d0a8;  1 drivers
v0x555569ef4db0_0 .net *"_ivl_35", 7 0, L_0x555569e852c0;  1 drivers
v0x555569ef4970_0 .net *"_ivl_39", 7 0, L_0x555569e84aa0;  1 drivers
v0x555569ef4530_0 .net *"_ivl_42", 7 0, L_0x555569e845b0;  1 drivers
v0x555569ef40f0_0 .net *"_ivl_43", 9 0, L_0x555569e84170;  1 drivers
L_0x752d8fe6d0f0 .functor BUFT 1, C4<00>, C4<0>, C4<0>, C4<0>;
v0x555569ef3cb0_0 .net *"_ivl_46", 1 0, L_0x752d8fe6d0f0;  1 drivers
v0x555569ef3870_0 .net *"_ivl_48", 7 0, L_0x555569e83d30;  1 drivers
v0x555569ef3430_0 .net *"_ivl_5", 7 0, L_0x555569e874d0;  1 drivers
v0x555569ef2ff0_0 .net *"_ivl_6", 9 0, L_0x555569e87080;  1 drivers
L_0x752d8fe6d018 .functor BUFT 1, C4<00>, C4<0>, C4<0>, C4<0>;
v0x555569ef2bb0_0 .net *"_ivl_9", 1 0, L_0x752d8fe6d018;  1 drivers
L_0x752d8fe6d138 .functor BUFT 1, C4<01010010>, C4<0>, C4<0>, C4<0>;
v0x555569ef2770 .array "inv_sbox", 255 0;
v0x555569ef2770_0 .net v0x555569ef2770 0, 7 0, L_0x752d8fe6d138; 1 drivers
L_0x752d8fe6d180 .functor BUFT 1, C4<00001001>, C4<0>, C4<0>, C4<0>;
v0x555569ef2770_1 .net v0x555569ef2770 1, 7 0, L_0x752d8fe6d180; 1 drivers
L_0x752d8fe6d1c8 .functor BUFT 1, C4<01101010>, C4<0>, C4<0>, C4<0>;
v0x555569ef2770_2 .net v0x555569ef2770 2, 7 0, L_0x752d8fe6d1c8; 1 drivers
L_0x752d8fe6d210 .functor BUFT 1, C4<11010101>, C4<0>, C4<0>, C4<0>;
v0x555569ef2770_3 .net v0x555569ef2770 3, 7 0, L_0x752d8fe6d210; 1 drivers
L_0x752d8fe6d258 .functor BUFT 1, C4<00110000>, C4<0>, C4<0>, C4<0>;
v0x555569ef2770_4 .net v0x555569ef2770 4, 7 0, L_0x752d8fe6d258; 1 drivers
L_0x752d8fe6d2a0 .functor BUFT 1, C4<00110110>, C4<0>, C4<0>, C4<0>;
v0x555569ef2770_5 .net v0x555569ef2770 5, 7 0, L_0x752d8fe6d2a0; 1 drivers
L_0x752d8fe6d2e8 .functor BUFT 1, C4<10100101>, C4<0>, C4<0>, C4<0>;
v0x555569ef2770_6 .net v0x555569ef2770 6, 7 0, L_0x752d8fe6d2e8; 1 drivers
L_0x752d8fe6d330 .functor BUFT 1, C4<00111000>, C4<0>, C4<0>, C4<0>;
v0x555569ef2770_7 .net v0x555569ef2770 7, 7 0, L_0x752d8fe6d330; 1 drivers
L_0x752d8fe6d378 .functor BUFT 1, C4<10111111>, C4<0>, C4<0>, C4<0>;
v0x555569ef2770_8 .net v0x555569ef2770 8, 7 0, L_0x752d8fe6d378; 1 drivers
L_0x752d8fe6d3c0 .functor BUFT 1, C4<01000000>, C4<0>, C4<0>, C4<0>;
v0x555569ef2770_9 .net v0x555569ef2770 9, 7 0, L_0x752d8fe6d3c0; 1 drivers
L_0x752d8fe6d408 .functor BUFT 1, C4<10100011>, C4<0>, C4<0>, C4<0>;
v0x555569ef2770_10 .net v0x555569ef2770 10, 7 0, L_0x752d8fe6d408; 1 drivers
L_0x752d8fe6d450 .functor BUFT 1, C4<10011110>, C4<0>, C4<0>, C4<0>;
v0x555569ef2770_11 .net v0x555569ef2770 11, 7 0, L_0x752d8fe6d450; 1 drivers
L_0x752d8fe6d498 .functor BUFT 1, C4<10000001>, C4<0>, C4<0>, C4<0>;
v0x555569ef2770_12 .net v0x555569ef2770 12, 7 0, L_0x752d8fe6d498; 1 drivers
L_0x752d8fe6d4e0 .functor BUFT 1, C4<11110011>, C4<0>, C4<0>, C4<0>;
v0x555569ef2770_13 .net v0x555569ef2770 13, 7 0, L_0x752d8fe6d4e0; 1 drivers
L_0x752d8fe6d528 .functor BUFT 1, C4<11010111>, C4<0>, C4<0>, C4<0>;
v0x555569ef2770_14 .net v0x555569ef2770 14, 7 0, L_0x752d8fe6d528; 1 drivers
L_0x752d8fe6d570 .functor BUFT 1, C4<11111011>, C4<0>, C4<0>, C4<0>;
v0x555569ef2770_15 .net v0x555569ef2770 15, 7 0, L_0x752d8fe6d570; 1 drivers
L_0x752d8fe6d5b8 .functor BUFT 1, C4<01111100>, C4<0>, C4<0>, C4<0>;
v0x555569ef2770_16 .net v0x555569ef2770 16, 7 0, L_0x752d8fe6d5b8; 1 drivers
L_0x752d8fe6d600 .functor BUFT 1, C4<11100011>, C4<0>, C4<0>, C4<0>;
v0x555569ef2770_17 .net v0x555569ef2770 17, 7 0, L_0x752d8fe6d600; 1 drivers
L_0x752d8fe6d648 .functor BUFT 1, C4<00111001>, C4<0>, C4<0>, C4<0>;
v0x555569ef2770_18 .net v0x555569ef2770 18, 7 0, L_0x752d8fe6d648; 1 drivers
L_0x752d8fe6d690 .functor BUFT 1, C4<10000010>, C4<0>, C4<0>, C4<0>;
v0x555569ef2770_19 .net v0x555569ef2770 19, 7 0, L_0x752d8fe6d690; 1 drivers
L_0x752d8fe6d6d8 .functor BUFT 1, C4<10011011>, C4<0>, C4<0>, C4<0>;
v0x555569ef2770_20 .net v0x555569ef2770 20, 7 0, L_0x752d8fe6d6d8; 1 drivers
L_0x752d8fe6d720 .functor BUFT 1, C4<00101111>, C4<0>, C4<0>, C4<0>;
v0x555569ef2770_21 .net v0x555569ef2770 21, 7 0, L_0x752d8fe6d720; 1 drivers
L_0x752d8fe6d768 .functor BUFT 1, C4<11111111>, C4<0>, C4<0>, C4<0>;
v0x555569ef2770_22 .net v0x555569ef2770 22, 7 0, L_0x752d8fe6d768; 1 drivers
L_0x752d8fe6d7b0 .functor BUFT 1, C4<10000111>, C4<0>, C4<0>, C4<0>;
v0x555569ef2770_23 .net v0x555569ef2770 23, 7 0, L_0x752d8fe6d7b0; 1 drivers
L_0x752d8fe6d7f8 .functor BUFT 1, C4<00110100>, C4<0>, C4<0>, C4<0>;
v0x555569ef2770_24 .net v0x555569ef2770 24, 7 0, L_0x752d8fe6d7f8; 1 drivers
L_0x752d8fe6d840 .functor BUFT 1, C4<10001110>, C4<0>, C4<0>, C4<0>;
v0x555569ef2770_25 .net v0x555569ef2770 25, 7 0, L_0x752d8fe6d840; 1 drivers
L_0x752d8fe6d888 .functor BUFT 1, C4<01000011>, C4<0>, C4<0>, C4<0>;
v0x555569ef2770_26 .net v0x555569ef2770 26, 7 0, L_0x752d8fe6d888; 1 drivers
L_0x752d8fe6d8d0 .functor BUFT 1, C4<01000100>, C4<0>, C4<0>, C4<0>;
v0x555569ef2770_27 .net v0x555569ef2770 27, 7 0, L_0x752d8fe6d8d0; 1 drivers
L_0x752d8fe6d918 .functor BUFT 1, C4<11000100>, C4<0>, C4<0>, C4<0>;
v0x555569ef2770_28 .net v0x555569ef2770 28, 7 0, L_0x752d8fe6d918; 1 drivers
L_0x752d8fe6d960 .functor BUFT 1, C4<11011110>, C4<0>, C4<0>, C4<0>;
v0x555569ef2770_29 .net v0x555569ef2770 29, 7 0, L_0x752d8fe6d960; 1 drivers
L_0x752d8fe6d9a8 .functor BUFT 1, C4<11101001>, C4<0>, C4<0>, C4<0>;
v0x555569ef2770_30 .net v0x555569ef2770 30, 7 0, L_0x752d8fe6d9a8; 1 drivers
L_0x752d8fe6d9f0 .functor BUFT 1, C4<11001011>, C4<0>, C4<0>, C4<0>;
v0x555569ef2770_31 .net v0x555569ef2770 31, 7 0, L_0x752d8fe6d9f0; 1 drivers
L_0x752d8fe6da38 .functor BUFT 1, C4<01010100>, C4<0>, C4<0>, C4<0>;
v0x555569ef2770_32 .net v0x555569ef2770 32, 7 0, L_0x752d8fe6da38; 1 drivers
L_0x752d8fe6da80 .functor BUFT 1, C4<01111011>, C4<0>, C4<0>, C4<0>;
v0x555569ef2770_33 .net v0x555569ef2770 33, 7 0, L_0x752d8fe6da80; 1 drivers
L_0x752d8fe6dac8 .functor BUFT 1, C4<10010100>, C4<0>, C4<0>, C4<0>;
v0x555569ef2770_34 .net v0x555569ef2770 34, 7 0, L_0x752d8fe6dac8; 1 drivers
L_0x752d8fe6db10 .functor BUFT 1, C4<00110010>, C4<0>, C4<0>, C4<0>;
v0x555569ef2770_35 .net v0x555569ef2770 35, 7 0, L_0x752d8fe6db10; 1 drivers
L_0x752d8fe6db58 .functor BUFT 1, C4<10100110>, C4<0>, C4<0>, C4<0>;
v0x555569ef2770_36 .net v0x555569ef2770 36, 7 0, L_0x752d8fe6db58; 1 drivers
L_0x752d8fe6dba0 .functor BUFT 1, C4<11000010>, C4<0>, C4<0>, C4<0>;
v0x555569ef2770_37 .net v0x555569ef2770 37, 7 0, L_0x752d8fe6dba0; 1 drivers
L_0x752d8fe6dbe8 .functor BUFT 1, C4<00100011>, C4<0>, C4<0>, C4<0>;
v0x555569ef2770_38 .net v0x555569ef2770 38, 7 0, L_0x752d8fe6dbe8; 1 drivers
L_0x752d8fe6dc30 .functor BUFT 1, C4<00111101>, C4<0>, C4<0>, C4<0>;
v0x555569ef2770_39 .net v0x555569ef2770 39, 7 0, L_0x752d8fe6dc30; 1 drivers
L_0x752d8fe6dc78 .functor BUFT 1, C4<11101110>, C4<0>, C4<0>, C4<0>;
v0x555569ef2770_40 .net v0x555569ef2770 40, 7 0, L_0x752d8fe6dc78; 1 drivers
L_0x752d8fe6dcc0 .functor BUFT 1, C4<01001100>, C4<0>, C4<0>, C4<0>;
v0x555569ef2770_41 .net v0x555569ef2770 41, 7 0, L_0x752d8fe6dcc0; 1 drivers
L_0x752d8fe6dd08 .functor BUFT 1, C4<10010101>, C4<0>, C4<0>, C4<0>;
v0x555569ef2770_42 .net v0x555569ef2770 42, 7 0, L_0x752d8fe6dd08; 1 drivers
L_0x752d8fe6dd50 .functor BUFT 1, C4<00001011>, C4<0>, C4<0>, C4<0>;
v0x555569ef2770_43 .net v0x555569ef2770 43, 7 0, L_0x752d8fe6dd50; 1 drivers
L_0x752d8fe6dd98 .functor BUFT 1, C4<01000010>, C4<0>, C4<0>, C4<0>;
v0x555569ef2770_44 .net v0x555569ef2770 44, 7 0, L_0x752d8fe6dd98; 1 drivers
L_0x752d8fe6dde0 .functor BUFT 1, C4<11111010>, C4<0>, C4<0>, C4<0>;
v0x555569ef2770_45 .net v0x555569ef2770 45, 7 0, L_0x752d8fe6dde0; 1 drivers
L_0x752d8fe6de28 .functor BUFT 1, C4<11000011>, C4<0>, C4<0>, C4<0>;
v0x555569ef2770_46 .net v0x555569ef2770 46, 7 0, L_0x752d8fe6de28; 1 drivers
L_0x752d8fe6de70 .functor BUFT 1, C4<01001110>, C4<0>, C4<0>, C4<0>;
v0x555569ef2770_47 .net v0x555569ef2770 47, 7 0, L_0x752d8fe6de70; 1 drivers
L_0x752d8fe6deb8 .functor BUFT 1, C4<00001000>, C4<0>, C4<0>, C4<0>;
v0x555569ef2770_48 .net v0x555569ef2770 48, 7 0, L_0x752d8fe6deb8; 1 drivers
L_0x752d8fe6df00 .functor BUFT 1, C4<00101110>, C4<0>, C4<0>, C4<0>;
v0x555569ef2770_49 .net v0x555569ef2770 49, 7 0, L_0x752d8fe6df00; 1 drivers
L_0x752d8fe6df48 .functor BUFT 1, C4<10100001>, C4<0>, C4<0>, C4<0>;
v0x555569ef2770_50 .net v0x555569ef2770 50, 7 0, L_0x752d8fe6df48; 1 drivers
L_0x752d8fe6df90 .functor BUFT 1, C4<01100110>, C4<0>, C4<0>, C4<0>;
v0x555569ef2770_51 .net v0x555569ef2770 51, 7 0, L_0x752d8fe6df90; 1 drivers
L_0x752d8fe6dfd8 .functor BUFT 1, C4<00101000>, C4<0>, C4<0>, C4<0>;
v0x555569ef2770_52 .net v0x555569ef2770 52, 7 0, L_0x752d8fe6dfd8; 1 drivers
L_0x752d8fe6e020 .functor BUFT 1, C4<11011001>, C4<0>, C4<0>, C4<0>;
v0x555569ef2770_53 .net v0x555569ef2770 53, 7 0, L_0x752d8fe6e020; 1 drivers
L_0x752d8fe6e068 .functor BUFT 1, C4<00100100>, C4<0>, C4<0>, C4<0>;
v0x555569ef2770_54 .net v0x555569ef2770 54, 7 0, L_0x752d8fe6e068; 1 drivers
L_0x752d8fe6e0b0 .functor BUFT 1, C4<10110010>, C4<0>, C4<0>, C4<0>;
v0x555569ef2770_55 .net v0x555569ef2770 55, 7 0, L_0x752d8fe6e0b0; 1 drivers
L_0x752d8fe6e0f8 .functor BUFT 1, C4<01110110>, C4<0>, C4<0>, C4<0>;
v0x555569ef2770_56 .net v0x555569ef2770 56, 7 0, L_0x752d8fe6e0f8; 1 drivers
L_0x752d8fe6e140 .functor BUFT 1, C4<01011011>, C4<0>, C4<0>, C4<0>;
v0x555569ef2770_57 .net v0x555569ef2770 57, 7 0, L_0x752d8fe6e140; 1 drivers
L_0x752d8fe6e188 .functor BUFT 1, C4<10100010>, C4<0>, C4<0>, C4<0>;
v0x555569ef2770_58 .net v0x555569ef2770 58, 7 0, L_0x752d8fe6e188; 1 drivers
L_0x752d8fe6e1d0 .functor BUFT 1, C4<01001001>, C4<0>, C4<0>, C4<0>;
v0x555569ef2770_59 .net v0x555569ef2770 59, 7 0, L_0x752d8fe6e1d0; 1 drivers
L_0x752d8fe6e218 .functor BUFT 1, C4<01101101>, C4<0>, C4<0>, C4<0>;
v0x555569ef2770_60 .net v0x555569ef2770 60, 7 0, L_0x752d8fe6e218; 1 drivers
L_0x752d8fe6e260 .functor BUFT 1, C4<10001011>, C4<0>, C4<0>, C4<0>;
v0x555569ef2770_61 .net v0x555569ef2770 61, 7 0, L_0x752d8fe6e260; 1 drivers
L_0x752d8fe6e2a8 .functor BUFT 1, C4<11010001>, C4<0>, C4<0>, C4<0>;
v0x555569ef2770_62 .net v0x555569ef2770 62, 7 0, L_0x752d8fe6e2a8; 1 drivers
L_0x752d8fe6e2f0 .functor BUFT 1, C4<00100101>, C4<0>, C4<0>, C4<0>;
v0x555569ef2770_63 .net v0x555569ef2770 63, 7 0, L_0x752d8fe6e2f0; 1 drivers
L_0x752d8fe6e338 .functor BUFT 1, C4<01110010>, C4<0>, C4<0>, C4<0>;
v0x555569ef2770_64 .net v0x555569ef2770 64, 7 0, L_0x752d8fe6e338; 1 drivers
L_0x752d8fe6e380 .functor BUFT 1, C4<11111000>, C4<0>, C4<0>, C4<0>;
v0x555569ef2770_65 .net v0x555569ef2770 65, 7 0, L_0x752d8fe6e380; 1 drivers
L_0x752d8fe6e3c8 .functor BUFT 1, C4<11110110>, C4<0>, C4<0>, C4<0>;
v0x555569ef2770_66 .net v0x555569ef2770 66, 7 0, L_0x752d8fe6e3c8; 1 drivers
L_0x752d8fe6e410 .functor BUFT 1, C4<01100100>, C4<0>, C4<0>, C4<0>;
v0x555569ef2770_67 .net v0x555569ef2770 67, 7 0, L_0x752d8fe6e410; 1 drivers
L_0x752d8fe6e458 .functor BUFT 1, C4<10000110>, C4<0>, C4<0>, C4<0>;
v0x555569ef2770_68 .net v0x555569ef2770 68, 7 0, L_0x752d8fe6e458; 1 drivers
L_0x752d8fe6e4a0 .functor BUFT 1, C4<01101000>, C4<0>, C4<0>, C4<0>;
v0x555569ef2770_69 .net v0x555569ef2770 69, 7 0, L_0x752d8fe6e4a0; 1 drivers
L_0x752d8fe6e4e8 .functor BUFT 1, C4<10011000>, C4<0>, C4<0>, C4<0>;
v0x555569ef2770_70 .net v0x555569ef2770 70, 7 0, L_0x752d8fe6e4e8; 1 drivers
L_0x752d8fe6e530 .functor BUFT 1, C4<00010110>, C4<0>, C4<0>, C4<0>;
v0x555569ef2770_71 .net v0x555569ef2770 71, 7 0, L_0x752d8fe6e530; 1 drivers
L_0x752d8fe6e578 .functor BUFT 1, C4<11010100>, C4<0>, C4<0>, C4<0>;
v0x555569ef2770_72 .net v0x555569ef2770 72, 7 0, L_0x752d8fe6e578; 1 drivers
L_0x752d8fe6e5c0 .functor BUFT 1, C4<10100100>, C4<0>, C4<0>, C4<0>;
v0x555569ef2770_73 .net v0x555569ef2770 73, 7 0, L_0x752d8fe6e5c0; 1 drivers
L_0x752d8fe6e608 .functor BUFT 1, C4<01011100>, C4<0>, C4<0>, C4<0>;
v0x555569ef2770_74 .net v0x555569ef2770 74, 7 0, L_0x752d8fe6e608; 1 drivers
L_0x752d8fe6e650 .functor BUFT 1, C4<11001100>, C4<0>, C4<0>, C4<0>;
v0x555569ef2770_75 .net v0x555569ef2770 75, 7 0, L_0x752d8fe6e650; 1 drivers
L_0x752d8fe6e698 .functor BUFT 1, C4<01011101>, C4<0>, C4<0>, C4<0>;
v0x555569ef2770_76 .net v0x555569ef2770 76, 7 0, L_0x752d8fe6e698; 1 drivers
L_0x752d8fe6e6e0 .functor BUFT 1, C4<01100101>, C4<0>, C4<0>, C4<0>;
v0x555569ef2770_77 .net v0x555569ef2770 77, 7 0, L_0x752d8fe6e6e0; 1 drivers
L_0x752d8fe6e728 .functor BUFT 1, C4<10110110>, C4<0>, C4<0>, C4<0>;
v0x555569ef2770_78 .net v0x555569ef2770 78, 7 0, L_0x752d8fe6e728; 1 drivers
L_0x752d8fe6e770 .functor BUFT 1, C4<10010010>, C4<0>, C4<0>, C4<0>;
v0x555569ef2770_79 .net v0x555569ef2770 79, 7 0, L_0x752d8fe6e770; 1 drivers
L_0x752d8fe6e7b8 .functor BUFT 1, C4<01101100>, C4<0>, C4<0>, C4<0>;
v0x555569ef2770_80 .net v0x555569ef2770 80, 7 0, L_0x752d8fe6e7b8; 1 drivers
L_0x752d8fe6e800 .functor BUFT 1, C4<01110000>, C4<0>, C4<0>, C4<0>;
v0x555569ef2770_81 .net v0x555569ef2770 81, 7 0, L_0x752d8fe6e800; 1 drivers
L_0x752d8fe6e848 .functor BUFT 1, C4<01001000>, C4<0>, C4<0>, C4<0>;
v0x555569ef2770_82 .net v0x555569ef2770 82, 7 0, L_0x752d8fe6e848; 1 drivers
L_0x752d8fe6e890 .functor BUFT 1, C4<01010000>, C4<0>, C4<0>, C4<0>;
v0x555569ef2770_83 .net v0x555569ef2770 83, 7 0, L_0x752d8fe6e890; 1 drivers
L_0x752d8fe6e8d8 .functor BUFT 1, C4<11111101>, C4<0>, C4<0>, C4<0>;
v0x555569ef2770_84 .net v0x555569ef2770 84, 7 0, L_0x752d8fe6e8d8; 1 drivers
L_0x752d8fe6e920 .functor BUFT 1, C4<11101101>, C4<0>, C4<0>, C4<0>;
v0x555569ef2770_85 .net v0x555569ef2770 85, 7 0, L_0x752d8fe6e920; 1 drivers
L_0x752d8fe6e968 .functor BUFT 1, C4<10111001>, C4<0>, C4<0>, C4<0>;
v0x555569ef2770_86 .net v0x555569ef2770 86, 7 0, L_0x752d8fe6e968; 1 drivers
L_0x752d8fe6e9b0 .functor BUFT 1, C4<11011010>, C4<0>, C4<0>, C4<0>;
v0x555569ef2770_87 .net v0x555569ef2770 87, 7 0, L_0x752d8fe6e9b0; 1 drivers
L_0x752d8fe6e9f8 .functor BUFT 1, C4<01011110>, C4<0>, C4<0>, C4<0>;
v0x555569ef2770_88 .net v0x555569ef2770 88, 7 0, L_0x752d8fe6e9f8; 1 drivers
L_0x752d8fe6ea40 .functor BUFT 1, C4<00010101>, C4<0>, C4<0>, C4<0>;
v0x555569ef2770_89 .net v0x555569ef2770 89, 7 0, L_0x752d8fe6ea40; 1 drivers
L_0x752d8fe6ea88 .functor BUFT 1, C4<01000110>, C4<0>, C4<0>, C4<0>;
v0x555569ef2770_90 .net v0x555569ef2770 90, 7 0, L_0x752d8fe6ea88; 1 drivers
L_0x752d8fe6ead0 .functor BUFT 1, C4<01010111>, C4<0>, C4<0>, C4<0>;
v0x555569ef2770_91 .net v0x555569ef2770 91, 7 0, L_0x752d8fe6ead0; 1 drivers
L_0x752d8fe6eb18 .functor BUFT 1, C4<10100111>, C4<0>, C4<0>, C4<0>;
v0x555569ef2770_92 .net v0x555569ef2770 92, 7 0, L_0x752d8fe6eb18; 1 drivers
L_0x752d8fe6eb60 .functor BUFT 1, C4<10001101>, C4<0>, C4<0>, C4<0>;
v0x555569ef2770_93 .net v0x555569ef2770 93, 7 0, L_0x752d8fe6eb60; 1 drivers
L_0x752d8fe6eba8 .functor BUFT 1, C4<10011101>, C4<0>, C4<0>, C4<0>;
v0x555569ef2770_94 .net v0x555569ef2770 94, 7 0, L_0x752d8fe6eba8; 1 drivers
L_0x752d8fe6ebf0 .functor BUFT 1, C4<10000100>, C4<0>, C4<0>, C4<0>;
v0x555569ef2770_95 .net v0x555569ef2770 95, 7 0, L_0x752d8fe6ebf0; 1 drivers
L_0x752d8fe6ec38 .functor BUFT 1, C4<10010000>, C4<0>, C4<0>, C4<0>;
v0x555569ef2770_96 .net v0x555569ef2770 96, 7 0, L_0x752d8fe6ec38; 1 drivers
L_0x752d8fe6ec80 .functor BUFT 1, C4<11011000>, C4<0>, C4<0>, C4<0>;
v0x555569ef2770_97 .net v0x555569ef2770 97, 7 0, L_0x752d8fe6ec80; 1 drivers
L_0x752d8fe6ecc8 .functor BUFT 1, C4<10101011>, C4<0>, C4<0>, C4<0>;
v0x555569ef2770_98 .net v0x555569ef2770 98, 7 0, L_0x752d8fe6ecc8; 1 drivers
L_0x752d8fe6ed10 .functor BUFT 1, C4<00000000>, C4<0>, C4<0>, C4<0>;
v0x555569ef2770_99 .net v0x555569ef2770 99, 7 0, L_0x752d8fe6ed10; 1 drivers
L_0x752d8fe6ed58 .functor BUFT 1, C4<10001100>, C4<0>, C4<0>, C4<0>;
v0x555569ef2770_100 .net v0x555569ef2770 100, 7 0, L_0x752d8fe6ed58; 1 drivers
L_0x752d8fe6eda0 .functor BUFT 1, C4<10111100>, C4<0>, C4<0>, C4<0>;
v0x555569ef2770_101 .net v0x555569ef2770 101, 7 0, L_0x752d8fe6eda0; 1 drivers
L_0x752d8fe6ede8 .functor BUFT 1, C4<11010011>, C4<0>, C4<0>, C4<0>;
v0x555569ef2770_102 .net v0x555569ef2770 102, 7 0, L_0x752d8fe6ede8; 1 drivers
L_0x752d8fe6ee30 .functor BUFT 1, C4<00001010>, C4<0>, C4<0>, C4<0>;
v0x555569ef2770_103 .net v0x555569ef2770 103, 7 0, L_0x752d8fe6ee30; 1 drivers
L_0x752d8fe6ee78 .functor BUFT 1, C4<11110111>, C4<0>, C4<0>, C4<0>;
v0x555569ef2770_104 .net v0x555569ef2770 104, 7 0, L_0x752d8fe6ee78; 1 drivers
L_0x752d8fe6eec0 .functor BUFT 1, C4<11100100>, C4<0>, C4<0>, C4<0>;
v0x555569ef2770_105 .net v0x555569ef2770 105, 7 0, L_0x752d8fe6eec0; 1 drivers
L_0x752d8fe6ef08 .functor BUFT 1, C4<01011000>, C4<0>, C4<0>, C4<0>;
v0x555569ef2770_106 .net v0x555569ef2770 106, 7 0, L_0x752d8fe6ef08; 1 drivers
L_0x752d8fe6ef50 .functor BUFT 1, C4<00000101>, C4<0>, C4<0>, C4<0>;
v0x555569ef2770_107 .net v0x555569ef2770 107, 7 0, L_0x752d8fe6ef50; 1 drivers
L_0x752d8fe6ef98 .functor BUFT 1, C4<10111000>, C4<0>, C4<0>, C4<0>;
v0x555569ef2770_108 .net v0x555569ef2770 108, 7 0, L_0x752d8fe6ef98; 1 drivers
L_0x752d8fe6efe0 .functor BUFT 1, C4<10110011>, C4<0>, C4<0>, C4<0>;
v0x555569ef2770_109 .net v0x555569ef2770 109, 7 0, L_0x752d8fe6efe0; 1 drivers
L_0x752d8fe6f028 .functor BUFT 1, C4<01000101>, C4<0>, C4<0>, C4<0>;
v0x555569ef2770_110 .net v0x555569ef2770 110, 7 0, L_0x752d8fe6f028; 1 drivers
L_0x752d8fe6f070 .functor BUFT 1, C4<00000110>, C4<0>, C4<0>, C4<0>;
v0x555569ef2770_111 .net v0x555569ef2770 111, 7 0, L_0x752d8fe6f070; 1 drivers
L_0x752d8fe6f0b8 .functor BUFT 1, C4<11010000>, C4<0>, C4<0>, C4<0>;
v0x555569ef2770_112 .net v0x555569ef2770 112, 7 0, L_0x752d8fe6f0b8; 1 drivers
L_0x752d8fe6f100 .functor BUFT 1, C4<00101100>, C4<0>, C4<0>, C4<0>;
v0x555569ef2770_113 .net v0x555569ef2770 113, 7 0, L_0x752d8fe6f100; 1 drivers
L_0x752d8fe6f148 .functor BUFT 1, C4<00011110>, C4<0>, C4<0>, C4<0>;
v0x555569ef2770_114 .net v0x555569ef2770 114, 7 0, L_0x752d8fe6f148; 1 drivers
L_0x752d8fe6f190 .functor BUFT 1, C4<10001111>, C4<0>, C4<0>, C4<0>;
v0x555569ef2770_115 .net v0x555569ef2770 115, 7 0, L_0x752d8fe6f190; 1 drivers
L_0x752d8fe6f1d8 .functor BUFT 1, C4<11001010>, C4<0>, C4<0>, C4<0>;
v0x555569ef2770_116 .net v0x555569ef2770 116, 7 0, L_0x752d8fe6f1d8; 1 drivers
L_0x752d8fe6f220 .functor BUFT 1, C4<00111111>, C4<0>, C4<0>, C4<0>;
v0x555569ef2770_117 .net v0x555569ef2770 117, 7 0, L_0x752d8fe6f220; 1 drivers
L_0x752d8fe6f268 .functor BUFT 1, C4<00001111>, C4<0>, C4<0>, C4<0>;
v0x555569ef2770_118 .net v0x555569ef2770 118, 7 0, L_0x752d8fe6f268; 1 drivers
L_0x752d8fe6f2b0 .functor BUFT 1, C4<00000010>, C4<0>, C4<0>, C4<0>;
v0x555569ef2770_119 .net v0x555569ef2770 119, 7 0, L_0x752d8fe6f2b0; 1 drivers
L_0x752d8fe6f2f8 .functor BUFT 1, C4<11000001>, C4<0>, C4<0>, C4<0>;
v0x555569ef2770_120 .net v0x555569ef2770 120, 7 0, L_0x752d8fe6f2f8; 1 drivers
L_0x752d8fe6f340 .functor BUFT 1, C4<10101111>, C4<0>, C4<0>, C4<0>;
v0x555569ef2770_121 .net v0x555569ef2770 121, 7 0, L_0x752d8fe6f340; 1 drivers
L_0x752d8fe6f388 .functor BUFT 1, C4<10111101>, C4<0>, C4<0>, C4<0>;
v0x555569ef2770_122 .net v0x555569ef2770 122, 7 0, L_0x752d8fe6f388; 1 drivers
L_0x752d8fe6f3d0 .functor BUFT 1, C4<00000011>, C4<0>, C4<0>, C4<0>;
v0x555569ef2770_123 .net v0x555569ef2770 123, 7 0, L_0x752d8fe6f3d0; 1 drivers
L_0x752d8fe6f418 .functor BUFT 1, C4<00000001>, C4<0>, C4<0>, C4<0>;
v0x555569ef2770_124 .net v0x555569ef2770 124, 7 0, L_0x752d8fe6f418; 1 drivers
L_0x752d8fe6f460 .functor BUFT 1, C4<00010011>, C4<0>, C4<0>, C4<0>;
v0x555569ef2770_125 .net v0x555569ef2770 125, 7 0, L_0x752d8fe6f460; 1 drivers
L_0x752d8fe6f4a8 .functor BUFT 1, C4<10001010>, C4<0>, C4<0>, C4<0>;
v0x555569ef2770_126 .net v0x555569ef2770 126, 7 0, L_0x752d8fe6f4a8; 1 drivers
L_0x752d8fe6f4f0 .functor BUFT 1, C4<01101011>, C4<0>, C4<0>, C4<0>;
v0x555569ef2770_127 .net v0x555569ef2770 127, 7 0, L_0x752d8fe6f4f0; 1 drivers
L_0x752d8fe6f538 .functor BUFT 1, C4<00111010>, C4<0>, C4<0>, C4<0>;
v0x555569ef2770_128 .net v0x555569ef2770 128, 7 0, L_0x752d8fe6f538; 1 drivers
L_0x752d8fe6f580 .functor BUFT 1, C4<10010001>, C4<0>, C4<0>, C4<0>;
v0x555569ef2770_129 .net v0x555569ef2770 129, 7 0, L_0x752d8fe6f580; 1 drivers
L_0x752d8fe6f5c8 .functor BUFT 1, C4<00010001>, C4<0>, C4<0>, C4<0>;
v0x555569ef2770_130 .net v0x555569ef2770 130, 7 0, L_0x752d8fe6f5c8; 1 drivers
L_0x752d8fe6f610 .functor BUFT 1, C4<01000001>, C4<0>, C4<0>, C4<0>;
v0x555569ef2770_131 .net v0x555569ef2770 131, 7 0, L_0x752d8fe6f610; 1 drivers
L_0x752d8fe6f658 .functor BUFT 1, C4<01001111>, C4<0>, C4<0>, C4<0>;
v0x555569ef2770_132 .net v0x555569ef2770 132, 7 0, L_0x752d8fe6f658; 1 drivers
L_0x752d8fe6f6a0 .functor BUFT 1, C4<01100111>, C4<0>, C4<0>, C4<0>;
v0x555569ef2770_133 .net v0x555569ef2770 133, 7 0, L_0x752d8fe6f6a0; 1 drivers
L_0x752d8fe6f6e8 .functor BUFT 1, C4<11011100>, C4<0>, C4<0>, C4<0>;
v0x555569ef2770_134 .net v0x555569ef2770 134, 7 0, L_0x752d8fe6f6e8; 1 drivers
L_0x752d8fe6f730 .functor BUFT 1, C4<11101010>, C4<0>, C4<0>, C4<0>;
v0x555569ef2770_135 .net v0x555569ef2770 135, 7 0, L_0x752d8fe6f730; 1 drivers
L_0x752d8fe6f778 .functor BUFT 1, C4<10010111>, C4<0>, C4<0>, C4<0>;
v0x555569ef2770_136 .net v0x555569ef2770 136, 7 0, L_0x752d8fe6f778; 1 drivers
L_0x752d8fe6f7c0 .functor BUFT 1, C4<11110010>, C4<0>, C4<0>, C4<0>;
v0x555569ef2770_137 .net v0x555569ef2770 137, 7 0, L_0x752d8fe6f7c0; 1 drivers
L_0x752d8fe6f808 .functor BUFT 1, C4<11001111>, C4<0>, C4<0>, C4<0>;
v0x555569ef2770_138 .net v0x555569ef2770 138, 7 0, L_0x752d8fe6f808; 1 drivers
L_0x752d8fe6f850 .functor BUFT 1, C4<11001110>, C4<0>, C4<0>, C4<0>;
v0x555569ef2770_139 .net v0x555569ef2770 139, 7 0, L_0x752d8fe6f850; 1 drivers
L_0x752d8fe6f898 .functor BUFT 1, C4<11110000>, C4<0>, C4<0>, C4<0>;
v0x555569ef2770_140 .net v0x555569ef2770 140, 7 0, L_0x752d8fe6f898; 1 drivers
L_0x752d8fe6f8e0 .functor BUFT 1, C4<10110100>, C4<0>, C4<0>, C4<0>;
v0x555569ef2770_141 .net v0x555569ef2770 141, 7 0, L_0x752d8fe6f8e0; 1 drivers
L_0x752d8fe6f928 .functor BUFT 1, C4<11100110>, C4<0>, C4<0>, C4<0>;
v0x555569ef2770_142 .net v0x555569ef2770 142, 7 0, L_0x752d8fe6f928; 1 drivers
L_0x752d8fe6f970 .functor BUFT 1, C4<01110011>, C4<0>, C4<0>, C4<0>;
v0x555569ef2770_143 .net v0x555569ef2770 143, 7 0, L_0x752d8fe6f970; 1 drivers
L_0x752d8fe6f9b8 .functor BUFT 1, C4<10010110>, C4<0>, C4<0>, C4<0>;
v0x555569ef2770_144 .net v0x555569ef2770 144, 7 0, L_0x752d8fe6f9b8; 1 drivers
L_0x752d8fe6fa00 .functor BUFT 1, C4<10101100>, C4<0>, C4<0>, C4<0>;
v0x555569ef2770_145 .net v0x555569ef2770 145, 7 0, L_0x752d8fe6fa00; 1 drivers
L_0x752d8fe6fa48 .functor BUFT 1, C4<01110100>, C4<0>, C4<0>, C4<0>;
v0x555569ef2770_146 .net v0x555569ef2770 146, 7 0, L_0x752d8fe6fa48; 1 drivers
L_0x752d8fe6fa90 .functor BUFT 1, C4<00100010>, C4<0>, C4<0>, C4<0>;
v0x555569ef2770_147 .net v0x555569ef2770 147, 7 0, L_0x752d8fe6fa90; 1 drivers
L_0x752d8fe6fad8 .functor BUFT 1, C4<11100111>, C4<0>, C4<0>, C4<0>;
v0x555569ef2770_148 .net v0x555569ef2770 148, 7 0, L_0x752d8fe6fad8; 1 drivers
L_0x752d8fe6fb20 .functor BUFT 1, C4<10101101>, C4<0>, C4<0>, C4<0>;
v0x555569ef2770_149 .net v0x555569ef2770 149, 7 0, L_0x752d8fe6fb20; 1 drivers
L_0x752d8fe6fb68 .functor BUFT 1, C4<00110101>, C4<0>, C4<0>, C4<0>;
v0x555569ef2770_150 .net v0x555569ef2770 150, 7 0, L_0x752d8fe6fb68; 1 drivers
L_0x752d8fe6fbb0 .functor BUFT 1, C4<10000101>, C4<0>, C4<0>, C4<0>;
v0x555569ef2770_151 .net v0x555569ef2770 151, 7 0, L_0x752d8fe6fbb0; 1 drivers
L_0x752d8fe6fbf8 .functor BUFT 1, C4<11100010>, C4<0>, C4<0>, C4<0>;
v0x555569ef2770_152 .net v0x555569ef2770 152, 7 0, L_0x752d8fe6fbf8; 1 drivers
L_0x752d8fe6fc40 .functor BUFT 1, C4<11111001>, C4<0>, C4<0>, C4<0>;
v0x555569ef2770_153 .net v0x555569ef2770 153, 7 0, L_0x752d8fe6fc40; 1 drivers
L_0x752d8fe6fc88 .functor BUFT 1, C4<00110111>, C4<0>, C4<0>, C4<0>;
v0x555569ef2770_154 .net v0x555569ef2770 154, 7 0, L_0x752d8fe6fc88; 1 drivers
L_0x752d8fe6fcd0 .functor BUFT 1, C4<11101000>, C4<0>, C4<0>, C4<0>;
v0x555569ef2770_155 .net v0x555569ef2770 155, 7 0, L_0x752d8fe6fcd0; 1 drivers
L_0x752d8fe6fd18 .functor BUFT 1, C4<00011100>, C4<0>, C4<0>, C4<0>;
v0x555569ef2770_156 .net v0x555569ef2770 156, 7 0, L_0x752d8fe6fd18; 1 drivers
L_0x752d8fe6fd60 .functor BUFT 1, C4<01110101>, C4<0>, C4<0>, C4<0>;
v0x555569ef2770_157 .net v0x555569ef2770 157, 7 0, L_0x752d8fe6fd60; 1 drivers
L_0x752d8fe6fda8 .functor BUFT 1, C4<11011111>, C4<0>, C4<0>, C4<0>;
v0x555569ef2770_158 .net v0x555569ef2770 158, 7 0, L_0x752d8fe6fda8; 1 drivers
L_0x752d8fe6fdf0 .functor BUFT 1, C4<01101110>, C4<0>, C4<0>, C4<0>;
v0x555569ef2770_159 .net v0x555569ef2770 159, 7 0, L_0x752d8fe6fdf0; 1 drivers
L_0x752d8fe6fe38 .functor BUFT 1, C4<01000111>, C4<0>, C4<0>, C4<0>;
v0x555569ef2770_160 .net v0x555569ef2770 160, 7 0, L_0x752d8fe6fe38; 1 drivers
L_0x752d8fe6fe80 .functor BUFT 1, C4<11110001>, C4<0>, C4<0>, C4<0>;
v0x555569ef2770_161 .net v0x555569ef2770 161, 7 0, L_0x752d8fe6fe80; 1 drivers
L_0x752d8fe6fec8 .functor BUFT 1, C4<00011010>, C4<0>, C4<0>, C4<0>;
v0x555569ef2770_162 .net v0x555569ef2770 162, 7 0, L_0x752d8fe6fec8; 1 drivers
L_0x752d8fe6ff10 .functor BUFT 1, C4<01110001>, C4<0>, C4<0>, C4<0>;
v0x555569ef2770_163 .net v0x555569ef2770 163, 7 0, L_0x752d8fe6ff10; 1 drivers
L_0x752d8fe6ff58 .functor BUFT 1, C4<00011101>, C4<0>, C4<0>, C4<0>;
v0x555569ef2770_164 .net v0x555569ef2770 164, 7 0, L_0x752d8fe6ff58; 1 drivers
L_0x752d8fe6ffa0 .functor BUFT 1, C4<00101001>, C4<0>, C4<0>, C4<0>;
v0x555569ef2770_165 .net v0x555569ef2770 165, 7 0, L_0x752d8fe6ffa0; 1 drivers
L_0x752d8fe6ffe8 .functor BUFT 1, C4<11000101>, C4<0>, C4<0>, C4<0>;
v0x555569ef2770_166 .net v0x555569ef2770 166, 7 0, L_0x752d8fe6ffe8; 1 drivers
L_0x752d8fe70030 .functor BUFT 1, C4<10001001>, C4<0>, C4<0>, C4<0>;
v0x555569ef2770_167 .net v0x555569ef2770 167, 7 0, L_0x752d8fe70030; 1 drivers
L_0x752d8fe70078 .functor BUFT 1, C4<01101111>, C4<0>, C4<0>, C4<0>;
v0x555569ef2770_168 .net v0x555569ef2770 168, 7 0, L_0x752d8fe70078; 1 drivers
L_0x752d8fe700c0 .functor BUFT 1, C4<10110111>, C4<0>, C4<0>, C4<0>;
v0x555569ef2770_169 .net v0x555569ef2770 169, 7 0, L_0x752d8fe700c0; 1 drivers
L_0x752d8fe70108 .functor BUFT 1, C4<01100010>, C4<0>, C4<0>, C4<0>;
v0x555569ef2770_170 .net v0x555569ef2770 170, 7 0, L_0x752d8fe70108; 1 drivers
L_0x752d8fe70150 .functor BUFT 1, C4<00001110>, C4<0>, C4<0>, C4<0>;
v0x555569ef2770_171 .net v0x555569ef2770 171, 7 0, L_0x752d8fe70150; 1 drivers
L_0x752d8fe70198 .functor BUFT 1, C4<10101010>, C4<0>, C4<0>, C4<0>;
v0x555569ef2770_172 .net v0x555569ef2770 172, 7 0, L_0x752d8fe70198; 1 drivers
L_0x752d8fe701e0 .functor BUFT 1, C4<00011000>, C4<0>, C4<0>, C4<0>;
v0x555569ef2770_173 .net v0x555569ef2770 173, 7 0, L_0x752d8fe701e0; 1 drivers
L_0x752d8fe70228 .functor BUFT 1, C4<10111110>, C4<0>, C4<0>, C4<0>;
v0x555569ef2770_174 .net v0x555569ef2770 174, 7 0, L_0x752d8fe70228; 1 drivers
L_0x752d8fe70270 .functor BUFT 1, C4<00011011>, C4<0>, C4<0>, C4<0>;
v0x555569ef2770_175 .net v0x555569ef2770 175, 7 0, L_0x752d8fe70270; 1 drivers
L_0x752d8fe702b8 .functor BUFT 1, C4<11111100>, C4<0>, C4<0>, C4<0>;
v0x555569ef2770_176 .net v0x555569ef2770 176, 7 0, L_0x752d8fe702b8; 1 drivers
L_0x752d8fe70300 .functor BUFT 1, C4<01010110>, C4<0>, C4<0>, C4<0>;
v0x555569ef2770_177 .net v0x555569ef2770 177, 7 0, L_0x752d8fe70300; 1 drivers
L_0x752d8fe70348 .functor BUFT 1, C4<00111110>, C4<0>, C4<0>, C4<0>;
v0x555569ef2770_178 .net v0x555569ef2770 178, 7 0, L_0x752d8fe70348; 1 drivers
L_0x752d8fe70390 .functor BUFT 1, C4<01001011>, C4<0>, C4<0>, C4<0>;
v0x555569ef2770_179 .net v0x555569ef2770 179, 7 0, L_0x752d8fe70390; 1 drivers
L_0x752d8fe703d8 .functor BUFT 1, C4<11000110>, C4<0>, C4<0>, C4<0>;
v0x555569ef2770_180 .net v0x555569ef2770 180, 7 0, L_0x752d8fe703d8; 1 drivers
L_0x752d8fe70420 .functor BUFT 1, C4<11010010>, C4<0>, C4<0>, C4<0>;
v0x555569ef2770_181 .net v0x555569ef2770 181, 7 0, L_0x752d8fe70420; 1 drivers
L_0x752d8fe70468 .functor BUFT 1, C4<01111001>, C4<0>, C4<0>, C4<0>;
v0x555569ef2770_182 .net v0x555569ef2770 182, 7 0, L_0x752d8fe70468; 1 drivers
L_0x752d8fe704b0 .functor BUFT 1, C4<00100000>, C4<0>, C4<0>, C4<0>;
v0x555569ef2770_183 .net v0x555569ef2770 183, 7 0, L_0x752d8fe704b0; 1 drivers
L_0x752d8fe704f8 .functor BUFT 1, C4<10011010>, C4<0>, C4<0>, C4<0>;
v0x555569ef2770_184 .net v0x555569ef2770 184, 7 0, L_0x752d8fe704f8; 1 drivers
L_0x752d8fe70540 .functor BUFT 1, C4<11011011>, C4<0>, C4<0>, C4<0>;
v0x555569ef2770_185 .net v0x555569ef2770 185, 7 0, L_0x752d8fe70540; 1 drivers
L_0x752d8fe70588 .functor BUFT 1, C4<11000000>, C4<0>, C4<0>, C4<0>;
v0x555569ef2770_186 .net v0x555569ef2770 186, 7 0, L_0x752d8fe70588; 1 drivers
L_0x752d8fe705d0 .functor BUFT 1, C4<11111110>, C4<0>, C4<0>, C4<0>;
v0x555569ef2770_187 .net v0x555569ef2770 187, 7 0, L_0x752d8fe705d0; 1 drivers
L_0x752d8fe70618 .functor BUFT 1, C4<01111000>, C4<0>, C4<0>, C4<0>;
v0x555569ef2770_188 .net v0x555569ef2770 188, 7 0, L_0x752d8fe70618; 1 drivers
L_0x752d8fe70660 .functor BUFT 1, C4<11001101>, C4<0>, C4<0>, C4<0>;
v0x555569ef2770_189 .net v0x555569ef2770 189, 7 0, L_0x752d8fe70660; 1 drivers
L_0x752d8fe706a8 .functor BUFT 1, C4<01011010>, C4<0>, C4<0>, C4<0>;
v0x555569ef2770_190 .net v0x555569ef2770 190, 7 0, L_0x752d8fe706a8; 1 drivers
L_0x752d8fe706f0 .functor BUFT 1, C4<11110100>, C4<0>, C4<0>, C4<0>;
v0x555569ef2770_191 .net v0x555569ef2770 191, 7 0, L_0x752d8fe706f0; 1 drivers
L_0x752d8fe70738 .functor BUFT 1, C4<00011111>, C4<0>, C4<0>, C4<0>;
v0x555569ef2770_192 .net v0x555569ef2770 192, 7 0, L_0x752d8fe70738; 1 drivers
L_0x752d8fe70780 .functor BUFT 1, C4<11011101>, C4<0>, C4<0>, C4<0>;
v0x555569ef2770_193 .net v0x555569ef2770 193, 7 0, L_0x752d8fe70780; 1 drivers
L_0x752d8fe707c8 .functor BUFT 1, C4<10101000>, C4<0>, C4<0>, C4<0>;
v0x555569ef2770_194 .net v0x555569ef2770 194, 7 0, L_0x752d8fe707c8; 1 drivers
L_0x752d8fe70810 .functor BUFT 1, C4<00110011>, C4<0>, C4<0>, C4<0>;
v0x555569ef2770_195 .net v0x555569ef2770 195, 7 0, L_0x752d8fe70810; 1 drivers
L_0x752d8fe70858 .functor BUFT 1, C4<10001000>, C4<0>, C4<0>, C4<0>;
v0x555569ef2770_196 .net v0x555569ef2770 196, 7 0, L_0x752d8fe70858; 1 drivers
L_0x752d8fe708a0 .functor BUFT 1, C4<00000111>, C4<0>, C4<0>, C4<0>;
v0x555569ef2770_197 .net v0x555569ef2770 197, 7 0, L_0x752d8fe708a0; 1 drivers
L_0x752d8fe708e8 .functor BUFT 1, C4<11000111>, C4<0>, C4<0>, C4<0>;
v0x555569ef2770_198 .net v0x555569ef2770 198, 7 0, L_0x752d8fe708e8; 1 drivers
L_0x752d8fe70930 .functor BUFT 1, C4<00110001>, C4<0>, C4<0>, C4<0>;
v0x555569ef2770_199 .net v0x555569ef2770 199, 7 0, L_0x752d8fe70930; 1 drivers
L_0x752d8fe70978 .functor BUFT 1, C4<10110001>, C4<0>, C4<0>, C4<0>;
v0x555569ef2770_200 .net v0x555569ef2770 200, 7 0, L_0x752d8fe70978; 1 drivers
L_0x752d8fe709c0 .functor BUFT 1, C4<00010010>, C4<0>, C4<0>, C4<0>;
v0x555569ef2770_201 .net v0x555569ef2770 201, 7 0, L_0x752d8fe709c0; 1 drivers
L_0x752d8fe70a08 .functor BUFT 1, C4<00010000>, C4<0>, C4<0>, C4<0>;
v0x555569ef2770_202 .net v0x555569ef2770 202, 7 0, L_0x752d8fe70a08; 1 drivers
L_0x752d8fe70a50 .functor BUFT 1, C4<01011001>, C4<0>, C4<0>, C4<0>;
v0x555569ef2770_203 .net v0x555569ef2770 203, 7 0, L_0x752d8fe70a50; 1 drivers
L_0x752d8fe70a98 .functor BUFT 1, C4<00100111>, C4<0>, C4<0>, C4<0>;
v0x555569ef2770_204 .net v0x555569ef2770 204, 7 0, L_0x752d8fe70a98; 1 drivers
L_0x752d8fe70ae0 .functor BUFT 1, C4<10000000>, C4<0>, C4<0>, C4<0>;
v0x555569ef2770_205 .net v0x555569ef2770 205, 7 0, L_0x752d8fe70ae0; 1 drivers
L_0x752d8fe70b28 .functor BUFT 1, C4<11101100>, C4<0>, C4<0>, C4<0>;
v0x555569ef2770_206 .net v0x555569ef2770 206, 7 0, L_0x752d8fe70b28; 1 drivers
L_0x752d8fe70b70 .functor BUFT 1, C4<01011111>, C4<0>, C4<0>, C4<0>;
v0x555569ef2770_207 .net v0x555569ef2770 207, 7 0, L_0x752d8fe70b70; 1 drivers
L_0x752d8fe70bb8 .functor BUFT 1, C4<01100000>, C4<0>, C4<0>, C4<0>;
v0x555569ef2770_208 .net v0x555569ef2770 208, 7 0, L_0x752d8fe70bb8; 1 drivers
L_0x752d8fe70c00 .functor BUFT 1, C4<01010001>, C4<0>, C4<0>, C4<0>;
v0x555569ef2770_209 .net v0x555569ef2770 209, 7 0, L_0x752d8fe70c00; 1 drivers
L_0x752d8fe70c48 .functor BUFT 1, C4<01111111>, C4<0>, C4<0>, C4<0>;
v0x555569ef2770_210 .net v0x555569ef2770 210, 7 0, L_0x752d8fe70c48; 1 drivers
L_0x752d8fe70c90 .functor BUFT 1, C4<10101001>, C4<0>, C4<0>, C4<0>;
v0x555569ef2770_211 .net v0x555569ef2770 211, 7 0, L_0x752d8fe70c90; 1 drivers
L_0x752d8fe70cd8 .functor BUFT 1, C4<00011001>, C4<0>, C4<0>, C4<0>;
v0x555569ef2770_212 .net v0x555569ef2770 212, 7 0, L_0x752d8fe70cd8; 1 drivers
L_0x752d8fe70d20 .functor BUFT 1, C4<10110101>, C4<0>, C4<0>, C4<0>;
v0x555569ef2770_213 .net v0x555569ef2770 213, 7 0, L_0x752d8fe70d20; 1 drivers
L_0x752d8fe70d68 .functor BUFT 1, C4<01001010>, C4<0>, C4<0>, C4<0>;
v0x555569ef2770_214 .net v0x555569ef2770 214, 7 0, L_0x752d8fe70d68; 1 drivers
L_0x752d8fe70db0 .functor BUFT 1, C4<00001101>, C4<0>, C4<0>, C4<0>;
v0x555569ef2770_215 .net v0x555569ef2770 215, 7 0, L_0x752d8fe70db0; 1 drivers
L_0x752d8fe70df8 .functor BUFT 1, C4<00101101>, C4<0>, C4<0>, C4<0>;
v0x555569ef2770_216 .net v0x555569ef2770 216, 7 0, L_0x752d8fe70df8; 1 drivers
L_0x752d8fe70e40 .functor BUFT 1, C4<11100101>, C4<0>, C4<0>, C4<0>;
v0x555569ef2770_217 .net v0x555569ef2770 217, 7 0, L_0x752d8fe70e40; 1 drivers
L_0x752d8fe70e88 .functor BUFT 1, C4<01111010>, C4<0>, C4<0>, C4<0>;
v0x555569ef2770_218 .net v0x555569ef2770 218, 7 0, L_0x752d8fe70e88; 1 drivers
L_0x752d8fe70ed0 .functor BUFT 1, C4<10011111>, C4<0>, C4<0>, C4<0>;
v0x555569ef2770_219 .net v0x555569ef2770 219, 7 0, L_0x752d8fe70ed0; 1 drivers
L_0x752d8fe70f18 .functor BUFT 1, C4<10010011>, C4<0>, C4<0>, C4<0>;
v0x555569ef2770_220 .net v0x555569ef2770 220, 7 0, L_0x752d8fe70f18; 1 drivers
L_0x752d8fe70f60 .functor BUFT 1, C4<11001001>, C4<0>, C4<0>, C4<0>;
v0x555569ef2770_221 .net v0x555569ef2770 221, 7 0, L_0x752d8fe70f60; 1 drivers
L_0x752d8fe70fa8 .functor BUFT 1, C4<10011100>, C4<0>, C4<0>, C4<0>;
v0x555569ef2770_222 .net v0x555569ef2770 222, 7 0, L_0x752d8fe70fa8; 1 drivers
L_0x752d8fe70ff0 .functor BUFT 1, C4<11101111>, C4<0>, C4<0>, C4<0>;
v0x555569ef2770_223 .net v0x555569ef2770 223, 7 0, L_0x752d8fe70ff0; 1 drivers
L_0x752d8fe71038 .functor BUFT 1, C4<10100000>, C4<0>, C4<0>, C4<0>;
v0x555569ef2770_224 .net v0x555569ef2770 224, 7 0, L_0x752d8fe71038; 1 drivers
L_0x752d8fe71080 .functor BUFT 1, C4<11100000>, C4<0>, C4<0>, C4<0>;
v0x555569ef2770_225 .net v0x555569ef2770 225, 7 0, L_0x752d8fe71080; 1 drivers
L_0x752d8fe710c8 .functor BUFT 1, C4<00111011>, C4<0>, C4<0>, C4<0>;
v0x555569ef2770_226 .net v0x555569ef2770 226, 7 0, L_0x752d8fe710c8; 1 drivers
L_0x752d8fe71110 .functor BUFT 1, C4<01001101>, C4<0>, C4<0>, C4<0>;
v0x555569ef2770_227 .net v0x555569ef2770 227, 7 0, L_0x752d8fe71110; 1 drivers
L_0x752d8fe71158 .functor BUFT 1, C4<10101110>, C4<0>, C4<0>, C4<0>;
v0x555569ef2770_228 .net v0x555569ef2770 228, 7 0, L_0x752d8fe71158; 1 drivers
L_0x752d8fe711a0 .functor BUFT 1, C4<00101010>, C4<0>, C4<0>, C4<0>;
v0x555569ef2770_229 .net v0x555569ef2770 229, 7 0, L_0x752d8fe711a0; 1 drivers
L_0x752d8fe711e8 .functor BUFT 1, C4<11110101>, C4<0>, C4<0>, C4<0>;
v0x555569ef2770_230 .net v0x555569ef2770 230, 7 0, L_0x752d8fe711e8; 1 drivers
L_0x752d8fe71230 .functor BUFT 1, C4<10110000>, C4<0>, C4<0>, C4<0>;
v0x555569ef2770_231 .net v0x555569ef2770 231, 7 0, L_0x752d8fe71230; 1 drivers
L_0x752d8fe71278 .functor BUFT 1, C4<11001000>, C4<0>, C4<0>, C4<0>;
v0x555569ef2770_232 .net v0x555569ef2770 232, 7 0, L_0x752d8fe71278; 1 drivers
L_0x752d8fe712c0 .functor BUFT 1, C4<11101011>, C4<0>, C4<0>, C4<0>;
v0x555569ef2770_233 .net v0x555569ef2770 233, 7 0, L_0x752d8fe712c0; 1 drivers
L_0x752d8fe71308 .functor BUFT 1, C4<10111011>, C4<0>, C4<0>, C4<0>;
v0x555569ef2770_234 .net v0x555569ef2770 234, 7 0, L_0x752d8fe71308; 1 drivers
L_0x752d8fe71350 .functor BUFT 1, C4<00111100>, C4<0>, C4<0>, C4<0>;
v0x555569ef2770_235 .net v0x555569ef2770 235, 7 0, L_0x752d8fe71350; 1 drivers
L_0x752d8fe71398 .functor BUFT 1, C4<10000011>, C4<0>, C4<0>, C4<0>;
v0x555569ef2770_236 .net v0x555569ef2770 236, 7 0, L_0x752d8fe71398; 1 drivers
L_0x752d8fe713e0 .functor BUFT 1, C4<01010011>, C4<0>, C4<0>, C4<0>;
v0x555569ef2770_237 .net v0x555569ef2770 237, 7 0, L_0x752d8fe713e0; 1 drivers
L_0x752d8fe71428 .functor BUFT 1, C4<10011001>, C4<0>, C4<0>, C4<0>;
v0x555569ef2770_238 .net v0x555569ef2770 238, 7 0, L_0x752d8fe71428; 1 drivers
L_0x752d8fe71470 .functor BUFT 1, C4<01100001>, C4<0>, C4<0>, C4<0>;
v0x555569ef2770_239 .net v0x555569ef2770 239, 7 0, L_0x752d8fe71470; 1 drivers
L_0x752d8fe714b8 .functor BUFT 1, C4<00010111>, C4<0>, C4<0>, C4<0>;
v0x555569ef2770_240 .net v0x555569ef2770 240, 7 0, L_0x752d8fe714b8; 1 drivers
L_0x752d8fe71500 .functor BUFT 1, C4<00101011>, C4<0>, C4<0>, C4<0>;
v0x555569ef2770_241 .net v0x555569ef2770 241, 7 0, L_0x752d8fe71500; 1 drivers
L_0x752d8fe71548 .functor BUFT 1, C4<00000100>, C4<0>, C4<0>, C4<0>;
v0x555569ef2770_242 .net v0x555569ef2770 242, 7 0, L_0x752d8fe71548; 1 drivers
L_0x752d8fe71590 .functor BUFT 1, C4<01111110>, C4<0>, C4<0>, C4<0>;
v0x555569ef2770_243 .net v0x555569ef2770 243, 7 0, L_0x752d8fe71590; 1 drivers
L_0x752d8fe715d8 .functor BUFT 1, C4<10111010>, C4<0>, C4<0>, C4<0>;
v0x555569ef2770_244 .net v0x555569ef2770 244, 7 0, L_0x752d8fe715d8; 1 drivers
L_0x752d8fe71620 .functor BUFT 1, C4<01110111>, C4<0>, C4<0>, C4<0>;
v0x555569ef2770_245 .net v0x555569ef2770 245, 7 0, L_0x752d8fe71620; 1 drivers
L_0x752d8fe71668 .functor BUFT 1, C4<11010110>, C4<0>, C4<0>, C4<0>;
v0x555569ef2770_246 .net v0x555569ef2770 246, 7 0, L_0x752d8fe71668; 1 drivers
L_0x752d8fe716b0 .functor BUFT 1, C4<00100110>, C4<0>, C4<0>, C4<0>;
v0x555569ef2770_247 .net v0x555569ef2770 247, 7 0, L_0x752d8fe716b0; 1 drivers
L_0x752d8fe716f8 .functor BUFT 1, C4<11100001>, C4<0>, C4<0>, C4<0>;
v0x555569ef2770_248 .net v0x555569ef2770 248, 7 0, L_0x752d8fe716f8; 1 drivers
L_0x752d8fe71740 .functor BUFT 1, C4<01101001>, C4<0>, C4<0>, C4<0>;
v0x555569ef2770_249 .net v0x555569ef2770 249, 7 0, L_0x752d8fe71740; 1 drivers
L_0x752d8fe71788 .functor BUFT 1, C4<00010100>, C4<0>, C4<0>, C4<0>;
v0x555569ef2770_250 .net v0x555569ef2770 250, 7 0, L_0x752d8fe71788; 1 drivers
L_0x752d8fe717d0 .functor BUFT 1, C4<01100011>, C4<0>, C4<0>, C4<0>;
v0x555569ef2770_251 .net v0x555569ef2770 251, 7 0, L_0x752d8fe717d0; 1 drivers
L_0x752d8fe71818 .functor BUFT 1, C4<01010101>, C4<0>, C4<0>, C4<0>;
v0x555569ef2770_252 .net v0x555569ef2770 252, 7 0, L_0x752d8fe71818; 1 drivers
L_0x752d8fe71860 .functor BUFT 1, C4<00100001>, C4<0>, C4<0>, C4<0>;
v0x555569ef2770_253 .net v0x555569ef2770 253, 7 0, L_0x752d8fe71860; 1 drivers
L_0x752d8fe718a8 .functor BUFT 1, C4<00001100>, C4<0>, C4<0>, C4<0>;
v0x555569ef2770_254 .net v0x555569ef2770 254, 7 0, L_0x752d8fe718a8; 1 drivers
L_0x752d8fe718f0 .functor BUFT 1, C4<01111101>, C4<0>, C4<0>, C4<0>;
v0x555569ef2770_255 .net v0x555569ef2770 255, 7 0, L_0x752d8fe718f0; 1 drivers
v0x555569eef030_0 .net "new_sboxw", 31 0, L_0x555569e84e30;  alias, 1 drivers
v0x555569eeebf0_0 .net "sboxw", 31 0, v0x555569ee6830_0;  1 drivers
L_0x555569e87970 .array/port v0x555569ef2770, L_0x555569e87080;
L_0x555569e874d0 .part v0x555569ee6830_0, 24, 8;
L_0x555569e87080 .concat [ 8 2 0 0], L_0x555569e874d0, L_0x752d8fe6d018;
L_0x555569e867b0 .array/port v0x555569ef2770, L_0x555569e86370;
L_0x555569e86850 .part v0x555569ee6830_0, 16, 8;
L_0x555569e86370 .concat [ 8 2 0 0], L_0x555569e86850, L_0x752d8fe6d060;
L_0x555569e85ff0 .array/port v0x555569ef2770, L_0x555569e85700;
L_0x555569e85af0 .part v0x555569ee6830_0, 8, 8;
L_0x555569e85700 .concat [ 8 2 0 0], L_0x555569e85af0, L_0x752d8fe6d0a8;
L_0x555569e84e30 .concat8 [ 8 8 8 8], L_0x555569e83d30, L_0x555569e852c0, L_0x555569e85f30, L_0x555569e86c40;
L_0x555569e84aa0 .array/port v0x555569ef2770, L_0x555569e84170;
L_0x555569e845b0 .part v0x555569ee6830_0, 0, 8;
L_0x555569e84170 .concat [ 8 2 0 0], L_0x555569e845b0, L_0x752d8fe6d0f0;
S_0x555569dbeed0 .scope autofunction.vec4.s128, "inv_shiftrows" "inv_shiftrows" 6 167, 6 167 0, S_0x555569e3cd00;
 .timescale 0 0;
v0x555569dbf060_0 .var "data", 127 0;
; Variable inv_shiftrows is vec4 return value of scope S_0x555569dbeed0
v0x555569dbf220_0 .var "w0", 31 0;
v0x555569dbf2e0_0 .var "w1", 31 0;
v0x555569eee7b0_0 .var "w2", 31 0;
v0x555569eee370_0 .var "w3", 31 0;
v0x555569eedf30_0 .var "ws0", 31 0;
v0x555569eedaf0_0 .var "ws1", 31 0;
v0x555569eed6b0_0 .var "ws2", 31 0;
v0x555569eed270_0 .var "ws3", 31 0;
TD_tb_aes.dut.core.dec_block.inv_shiftrows ;
    %load/vec4 v0x555569dbf060_0;
    %parti/s 32, 96, 8;
    %store/vec4 v0x555569dbf220_0, 0, 32;
    %load/vec4 v0x555569dbf060_0;
    %parti/s 32, 64, 8;
    %store/vec4 v0x555569dbf2e0_0, 0, 32;
    %load/vec4 v0x555569dbf060_0;
    %parti/s 32, 32, 7;
    %store/vec4 v0x555569eee7b0_0, 0, 32;
    %load/vec4 v0x555569dbf060_0;
    %parti/s 32, 0, 2;
    %store/vec4 v0x555569eee370_0, 0, 32;
    %load/vec4 v0x555569dbf220_0;
    %parti/s 8, 24, 6;
    %load/vec4 v0x555569eee370_0;
    %parti/s 8, 16, 6;
    %concat/vec4; draw_concat_vec4
    %load/vec4 v0x555569eee7b0_0;
    %parti/s 8, 8, 5;
    %concat/vec4; draw_concat_vec4
    %load/vec4 v0x555569dbf2e0_0;
    %parti/s 8, 0, 2;
    %concat/vec4; draw_concat_vec4
    %store/vec4 v0x555569eedf30_0, 0, 32;
    %load/vec4 v0x555569dbf2e0_0;
    %parti/s 8, 24, 6;
    %load/vec4 v0x555569dbf220_0;
    %parti/s 8, 16, 6;
    %concat/vec4; draw_concat_vec4
    %load/vec4 v0x555569eee370_0;
    %parti/s 8, 8, 5;
    %concat/vec4; draw_concat_vec4
    %load/vec4 v0x555569eee7b0_0;
    %parti/s 8, 0, 2;
    %concat/vec4; draw_concat_vec4
    %store/vec4 v0x555569eedaf0_0, 0, 32;
    %load/vec4 v0x555569eee7b0_0;
    %parti/s 8, 24, 6;
    %load/vec4 v0x555569dbf2e0_0;
    %parti/s 8, 16, 6;
    %concat/vec4; draw_concat_vec4
    %load/vec4 v0x555569dbf220_0;
    %parti/s 8, 8, 5;
    %concat/vec4; draw_concat_vec4
    %load/vec4 v0x555569eee370_0;
    %parti/s 8, 0, 2;
    %concat/vec4; draw_concat_vec4
    %store/vec4 v0x555569eed6b0_0, 0, 32;
    %load/vec4 v0x555569eee370_0;
    %parti/s 8, 24, 6;
    %load/vec4 v0x555569eee7b0_0;
    %parti/s 8, 16, 6;
    %concat/vec4; draw_concat_vec4
    %load/vec4 v0x555569dbf2e0_0;
    %parti/s 8, 8, 5;
    %concat/vec4; draw_concat_vec4
    %load/vec4 v0x555569dbf220_0;
    %parti/s 8, 0, 2;
    %concat/vec4; draw_concat_vec4
    %store/vec4 v0x555569eed270_0, 0, 32;
    %load/vec4 v0x555569eedf30_0;
    %load/vec4 v0x555569eedaf0_0;
    %concat/vec4; draw_concat_vec4
    %load/vec4 v0x555569eed6b0_0;
    %concat/vec4; draw_concat_vec4
    %load/vec4 v0x555569eed270_0;
    %concat/vec4; draw_concat_vec4
    %ret/vec4 0, 0, 128;  Assign to inv_shiftrows (store_vec4_to_lval)
    %end;
S_0x555569cb9f90 .scope begin, "reg_update" "reg_update" 6 256, 6 256 0, S_0x555569e3cd00;
 .timescale 0 0;
S_0x555569cba120 .scope begin, "round_ctr" "round_ctr" 6 422, 6 422 0, S_0x555569e3cd00;
 .timescale 0 0;
S_0x555569f144b0 .scope begin, "round_logic" "round_logic" 6 303, 6 303 0, S_0x555569e3cd00;
 .timescale 0 0;
v0x555569cba300_0 .var "addkey_block", 127 0;
v0x555569eece30_0 .var "inv_mixcolumns_block", 127 0;
v0x555569eec9f0_0 .var "inv_shiftrows_block", 127 0;
v0x555569eecab0_0 .var "old_block", 127 0;
S_0x555569f14640 .scope begin, "sword_ctr" "sword_ctr" 6 399, 6 399 0, S_0x555569e3cd00;
 .timescale 0 0;
S_0x555569f147d0 .scope module, "enc_block" "aes_encipher_block" 5 120, 8 43 0, S_0x555569ea0cd0;
 .timescale 0 0;
    .port_info 0 /INPUT 1 "clk";
    .port_info 1 /INPUT 1 "reset_n";
    .port_info 2 /INPUT 1 "next";
    .port_info 3 /INPUT 1 "keylen";
    .port_info 4 /OUTPUT 4 "round";
    .port_info 5 /INPUT 128 "round_key";
    .port_info 6 /OUTPUT 32 "sboxw";
    .port_info 7 /INPUT 32 "new_sboxw";
    .port_info 8 /INPUT 128 "block";
    .port_info 9 /OUTPUT 128 "new_block";
    .port_info 10 /OUTPUT 1 "ready";
P_0x555569f14960 .param/l "AES128_ROUNDS" 1 8 68, C4<1010>;
P_0x555569f149a0 .param/l "AES256_ROUNDS" 1 8 69, C4<1110>;
P_0x555569f149e0 .param/l "AES_128_BIT_KEY" 1 8 65, C4<0>;
P_0x555569f14a20 .param/l "AES_256_BIT_KEY" 1 8 66, C4<1>;
P_0x555569f14a60 .param/l "CTRL_IDLE" 1 8 77, C4<00>;
P_0x555569f14aa0 .param/l "CTRL_INIT" 1 8 78, C4<01>;
P_0x555569f14ae0 .param/l "CTRL_MAIN" 1 8 80, C4<11>;
P_0x555569f14b20 .param/l "CTRL_SBOX" 1 8 79, C4<10>;
P_0x555569f14b60 .param/l "FINAL_UPDATE" 1 8 75, C4<100>;
P_0x555569f14ba0 .param/l "INIT_UPDATE" 1 8 72, C4<001>;
P_0x555569f14be0 .param/l "MAIN_UPDATE" 1 8 74, C4<011>;
P_0x555569f14c20 .param/l "NO_UPDATE" 1 8 71, C4<000>;
P_0x555569f14c60 .param/l "SBOX_UPDATE" 1 8 73, C4<010>;
L_0x555569e88130 .functor BUFZ 4, v0x555569ed71b0_0, C4<0000>, C4<0000>, C4<0000>;
L_0x555569e881a0 .functor BUFZ 32, v0x555569ed8f70_0, C4<00000000000000000000000000000000>, C4<00000000000000000000000000000000>, C4<00000000000000000000000000000000>;
L_0x555569e878b0 .functor BUFZ 1, v0x555569ed8370_0, C4<0>, C4<0>, C4<0>;
v0x555569edb170_0 .net "block", 127 0, L_0x555569e889b0;  alias, 1 drivers
v0x555569edad30_0 .var "block_new", 127 0;
v0x555569edadf0_0 .var "block_w0_reg", 31 0;
v0x555569eda8f0_0 .var "block_w0_we", 0 0;
v0x555569eda990_0 .var "block_w1_reg", 31 0;
v0x555569eda4b0_0 .var "block_w1_we", 0 0;
v0x555569eda570_0 .var "block_w2_reg", 31 0;
v0x555569eda070_0 .var "block_w2_we", 0 0;
v0x555569eda130_0 .var "block_w3_reg", 31 0;
v0x555569ed9c30_0 .var "block_w3_we", 0 0;
v0x555569ed9cf0_0 .net "clk", 0 0, v0x555569e89ab0_0;  alias, 1 drivers
v0x555569ed97f0_0 .var "enc_ctrl_new", 1 0;
v0x555569ed9890_0 .var "enc_ctrl_reg", 1 0;
v0x555569ed93b0_0 .var "enc_ctrl_we", 0 0;
v0x555569ed9470_0 .net "keylen", 0 0, L_0x555569e885f0;  alias, 1 drivers
v0x555569ed8f70_0 .var "muxed_sboxw", 31 0;
v0x555569ed9030_0 .net "new_block", 127 0, L_0x555569e87cf0;  alias, 1 drivers
v0x555569ed8b30_0 .net "new_sboxw", 31 0, L_0x555569e7d3b0;  alias, 1 drivers
v0x555569ed86f0_0 .net "next", 0 0, v0x555569e96fd0_0;  1 drivers
v0x555569ed87b0_0 .net "ready", 0 0, L_0x555569e878b0;  alias, 1 drivers
v0x555569ed82b0_0 .var "ready_new", 0 0;
v0x555569ed8370_0 .var "ready_reg", 0 0;
v0x555569ed7e70_0 .var "ready_we", 0 0;
v0x555569ed7f30_0 .net "reset_n", 0 0, v0x555569e89710_0;  alias, 1 drivers
v0x555569ed7a30_0 .net "round", 3 0, L_0x555569e88130;  alias, 1 drivers
v0x555569ed7ad0_0 .var "round_ctr_inc", 0 0;
v0x555569ed75f0_0 .var "round_ctr_new", 3 0;
v0x555569ed71b0_0 .var "round_ctr_reg", 3 0;
v0x555569ed6d70_0 .var "round_ctr_rst", 0 0;
v0x555569ed6e30_0 .var "round_ctr_we", 0 0;
v0x555569ed6930_0 .net "round_key", 127 0, L_0x555569eefdb0;  alias, 1 drivers
v0x555569ed64f0_0 .net "sboxw", 31 0, L_0x555569e881a0;  alias, 1 drivers
v0x555569ed65b0_0 .var "sword_ctr_inc", 0 0;
v0x555569ed60b0_0 .var "sword_ctr_new", 1 0;
v0x555569ed5c70_0 .var "sword_ctr_reg", 1 0;
v0x555569ed5830_0 .var "sword_ctr_rst", 0 0;
v0x555569ed58f0_0 .var "sword_ctr_we", 0 0;
v0x555569ed53f0_0 .var "update_type", 2 0;
E_0x555569efe3a0/0 .event anyedge, v0x555569eea030_0, v0x555569ed9890_0, v0x555569ed86f0_0, v0x555569ed5c70_0;
E_0x555569efe3a0/1 .event anyedge, v0x555569ed71b0_0, v0x555569ee4eb0_0;
E_0x555569efe3a0 .event/or E_0x555569efe3a0/0, E_0x555569efe3a0/1;
E_0x555569ee71e0 .event anyedge, v0x555569ed6d70_0, v0x555569ed7ad0_0, v0x555569ed71b0_0;
E_0x555569ee7a60 .event anyedge, v0x555569ed5830_0, v0x555569ed65b0_0, v0x555569ed5c70_0;
E_0x555569ee82e0/0 .event anyedge, v0x555569edadf0_0, v0x555569eda990_0, v0x555569eda570_0, v0x555569eda130_0;
E_0x555569ee82e0/1 .event anyedge, v0x555569ede030_0, v0x555569eddbf0_0, v0x555569eec5b0_0, v0x555569ee7930_0;
E_0x555569ee82e0/2 .event anyedge, v0x555569ede530_0, v0x555569ed53f0_0, v0x555569ede8b0_0, v0x555569ed8b30_0;
E_0x555569ee82e0/3 .event anyedge, v0x555569ed5c70_0, v0x555569ede470_0, v0x555569edecf0_0;
E_0x555569ee82e0 .event/or E_0x555569ee82e0/0, E_0x555569ee82e0/1, E_0x555569ee82e0/2, E_0x555569ee82e0/3;
L_0x555569e87cf0 .concat [ 32 32 32 32], v0x555569eda130_0, v0x555569eda570_0, v0x555569eda990_0, v0x555569edadf0_0;
S_0x555569f14cb0 .scope autofunction.vec4.s128, "addroundkey" "addroundkey" 8 152, 8 152 0, S_0x555569f147d0;
 .timescale 0 0;
; Variable addroundkey is vec4 return value of scope S_0x555569f14cb0
v0x555569ee5750_0 .var "data", 127 0;
v0x555569ee52f0_0 .var "rkey", 127 0;
TD_tb_aes.dut.core.enc_block.addroundkey ;
    %load/vec4 v0x555569ee5750_0;
    %load/vec4 v0x555569ee52f0_0;
    %xor;
    %ret/vec4 0, 0, 128;  Assign to addroundkey (store_vec4_to_lval)
    %end;
S_0x555569f14e40 .scope begin, "encipher_ctrl" "encipher_ctrl" 8 400, 8 400 0, S_0x555569f147d0;
 .timescale 0 0;
v0x555569ee4eb0_0 .var "num_rounds", 3 0;
S_0x555569f14fd0 .scope autofunction.vec4.s8, "gm2" "gm2" 8 86, 8 86 0, S_0x555569f147d0;
 .timescale 0 0;
; Variable gm2 is vec4 return value of scope S_0x555569f14fd0
v0x555569ee4630_0 .var "op", 7 0;
TD_tb_aes.dut.core.enc_block.gm2 ;
    %load/vec4 v0x555569ee4630_0;
    %parti/s 7, 0, 2;
    %concati/vec4 0, 0, 1;
    %pushi/vec4 27, 0, 8;
    %load/vec4 v0x555569ee4630_0;
    %parti/s 1, 7, 4;
    %replicate 8;
    %and;
    %xor;
    %ret/vec4 0, 0, 8;  Assign to gm2 (store_vec4_to_lval)
    %end;
S_0x555569f15160 .scope autofunction.vec4.s8, "gm3" "gm3" 8 92, 8 92 0, S_0x555569f147d0;
 .timescale 0 0;
; Variable gm3 is vec4 return value of scope S_0x555569f15160
v0x555569ee3db0_0 .var "op", 7 0;
TD_tb_aes.dut.core.enc_block.gm3 ;
    %alloc S_0x555569f14fd0;
    %load/vec4 v0x555569ee3db0_0;
    %store/vec4 v0x555569ee4630_0, 0, 8;
    %callf/vec4 TD_tb_aes.dut.core.enc_block.gm2, S_0x555569f14fd0;
    %free S_0x555569f14fd0;
    %load/vec4 v0x555569ee3db0_0;
    %xor;
    %ret/vec4 0, 0, 8;  Assign to gm3 (store_vec4_to_lval)
    %end;
S_0x555569f152f0 .scope autofunction.vec4.s128, "mixcolumns" "mixcolumns" 8 116, 8 116 0, S_0x555569f147d0;
 .timescale 0 0;
v0x555569ee3970_0 .var "data", 127 0;
; Variable mixcolumns is vec4 return value of scope S_0x555569f152f0
v0x555569ee30f0_0 .var "w0", 31 0;
v0x555569ee31b0_0 .var "w1", 31 0;
v0x555569ee2cb0_0 .var "w2", 31 0;
v0x555569ee2870_0 .var "w3", 31 0;
v0x555569ee2430_0 .var "ws0", 31 0;
v0x555569ee1ff0_0 .var "ws1", 31 0;
v0x555569ee1bb0_0 .var "ws2", 31 0;
v0x555569ee1770_0 .var "ws3", 31 0;
TD_tb_aes.dut.core.enc_block.mixcolumns ;
    %load/vec4 v0x555569ee3970_0;
    %parti/s 32, 96, 8;
    %store/vec4 v0x555569ee30f0_0, 0, 32;
    %load/vec4 v0x555569ee3970_0;
    %parti/s 32, 64, 8;
    %store/vec4 v0x555569ee31b0_0, 0, 32;
    %load/vec4 v0x555569ee3970_0;
    %parti/s 32, 32, 7;
    %store/vec4 v0x555569ee2cb0_0, 0, 32;
    %load/vec4 v0x555569ee3970_0;
    %parti/s 32, 0, 2;
    %store/vec4 v0x555569ee2870_0, 0, 32;
    %alloc S_0x555569f15480;
    %load/vec4 v0x555569ee30f0_0;
    %store/vec4 v0x555569edf130_0, 0, 32;
    %callf/vec4 TD_tb_aes.dut.core.enc_block.mixw, S_0x555569f15480;
    %free S_0x555569f15480;
    %store/vec4 v0x555569ee2430_0, 0, 32;
    %alloc S_0x555569f15480;
    %load/vec4 v0x555569ee31b0_0;
    %store/vec4 v0x555569edf130_0, 0, 32;
    %callf/vec4 TD_tb_aes.dut.core.enc_block.mixw, S_0x555569f15480;
    %free S_0x555569f15480;
    %store/vec4 v0x555569ee1ff0_0, 0, 32;
    %alloc S_0x555569f15480;
    %load/vec4 v0x555569ee2cb0_0;
    %store/vec4 v0x555569edf130_0, 0, 32;
    %callf/vec4 TD_tb_aes.dut.core.enc_block.mixw, S_0x555569f15480;
    %free S_0x555569f15480;
    %store/vec4 v0x555569ee1bb0_0, 0, 32;
    %alloc S_0x555569f15480;
    %load/vec4 v0x555569ee2870_0;
    %store/vec4 v0x555569edf130_0, 0, 32;
    %callf/vec4 TD_tb_aes.dut.core.enc_block.mixw, S_0x555569f15480;
    %free S_0x555569f15480;
    %store/vec4 v0x555569ee1770_0, 0, 32;
    %load/vec4 v0x555569ee2430_0;
    %load/vec4 v0x555569ee1ff0_0;
    %concat/vec4; draw_concat_vec4
    %load/vec4 v0x555569ee1bb0_0;
    %concat/vec4; draw_concat_vec4
    %load/vec4 v0x555569ee1770_0;
    %concat/vec4; draw_concat_vec4
    %ret/vec4 0, 0, 128;  Assign to mixcolumns (store_vec4_to_lval)
    %end;
S_0x555569f15480 .scope autofunction.vec4.s32, "mixw" "mixw" 8 98, 8 98 0, S_0x555569f147d0;
 .timescale 0 0;
v0x555569ee1330_0 .var "b0", 7 0;
v0x555569ee0ef0_0 .var "b1", 7 0;
v0x555569ee0ab0_0 .var "b2", 7 0;
v0x555569ee0b70_0 .var "b3", 7 0;
v0x555569ee0670_0 .var "mb0", 7 0;
v0x555569ee0230_0 .var "mb1", 7 0;
v0x555569edfdf0_0 .var "mb2", 7 0;
v0x555569edf9b0_0 .var "mb3", 7 0;
; Variable mixw is vec4 return value of scope S_0x555569f15480
v0x555569edf130_0 .var "w", 31 0;
TD_tb_aes.dut.core.enc_block.mixw ;
    %load/vec4 v0x555569edf130_0;
    %parti/s 8, 24, 6;
    %store/vec4 v0x555569ee1330_0, 0, 8;
    %load/vec4 v0x555569edf130_0;
    %parti/s 8, 16, 6;
    %store/vec4 v0x555569ee0ef0_0, 0, 8;
    %load/vec4 v0x555569edf130_0;
    %parti/s 8, 8, 5;
    %store/vec4 v0x555569ee0ab0_0, 0, 8;
    %load/vec4 v0x555569edf130_0;
    %parti/s 8, 0, 2;
    %store/vec4 v0x555569ee0b70_0, 0, 8;
    %alloc S_0x555569f14fd0;
    %load/vec4 v0x555569ee1330_0;
    %store/vec4 v0x555569ee4630_0, 0, 8;
    %callf/vec4 TD_tb_aes.dut.core.enc_block.gm2, S_0x555569f14fd0;
    %free S_0x555569f14fd0;
    %alloc S_0x555569f15160;
    %load/vec4 v0x555569ee0ef0_0;
    %store/vec4 v0x555569ee3db0_0, 0, 8;
    %callf/vec4 TD_tb_aes.dut.core.enc_block.gm3, S_0x555569f15160;
    %free S_0x555569f15160;
    %xor;
    %load/vec4 v0x555569ee0ab0_0;
    %xor;
    %load/vec4 v0x555569ee0b70_0;
    %xor;
    %store/vec4 v0x555569ee0670_0, 0, 8;
    %load/vec4 v0x555569ee1330_0;
    %alloc S_0x555569f14fd0;
    %load/vec4 v0x555569ee0ef0_0;
    %store/vec4 v0x555569ee4630_0, 0, 8;
    %callf/vec4 TD_tb_aes.dut.core.enc_block.gm2, S_0x555569f14fd0;
    %free S_0x555569f14fd0;
    %xor;
    %alloc S_0x555569f15160;
    %load/vec4 v0x555569ee0ab0_0;
    %store/vec4 v0x555569ee3db0_0, 0, 8;
    %callf/vec4 TD_tb_aes.dut.core.enc_block.gm3, S_0x555569f15160;
    %free S_0x555569f15160;
    %xor;
    %load/vec4 v0x555569ee0b70_0;
    %xor;
    %store/vec4 v0x555569ee0230_0, 0, 8;
    %load/vec4 v0x555569ee1330_0;
    %load/vec4 v0x555569ee0ef0_0;
    %xor;
    %alloc S_0x555569f14fd0;
    %load/vec4 v0x555569ee0ab0_0;
    %store/vec4 v0x555569ee4630_0, 0, 8;
    %callf/vec4 TD_tb_aes.dut.core.enc_block.gm2, S_0x555569f14fd0;
    %free S_0x555569f14fd0;
    %xor;
    %alloc S_0x555569f15160;
    %load/vec4 v0x555569ee0b70_0;
    %store/vec4 v0x555569ee3db0_0, 0, 8;
    %callf/vec4 TD_tb_aes.dut.core.enc_block.gm3, S_0x555569f15160;
    %free S_0x555569f15160;
    %xor;
    %store/vec4 v0x555569edfdf0_0, 0, 8;
    %alloc S_0x555569f15160;
    %load/vec4 v0x555569ee1330_0;
    %store/vec4 v0x555569ee3db0_0, 0, 8;
    %callf/vec4 TD_tb_aes.dut.core.enc_block.gm3, S_0x555569f15160;
    %free S_0x555569f15160;
    %load/vec4 v0x555569ee0ef0_0;
    %xor;
    %load/vec4 v0x555569ee0ab0_0;
    %xor;
    %alloc S_0x555569f14fd0;
    %load/vec4 v0x555569ee0b70_0;
    %store/vec4 v0x555569ee4630_0, 0, 8;
    %callf/vec4 TD_tb_aes.dut.core.enc_block.gm2, S_0x555569f14fd0;
    %free S_0x555569f14fd0;
    %xor;
    %store/vec4 v0x555569edf9b0_0, 0, 8;
    %load/vec4 v0x555569ee0670_0;
    %load/vec4 v0x555569ee0230_0;
    %concat/vec4; draw_concat_vec4
    %load/vec4 v0x555569edfdf0_0;
    %concat/vec4; draw_concat_vec4
    %load/vec4 v0x555569edf9b0_0;
    %concat/vec4; draw_concat_vec4
    %ret/vec4 0, 0, 32;  Assign to mixw (store_vec4_to_lval)
    %end;
S_0x555569f15610 .scope begin, "reg_update" "reg_update" 8 217, 8 217 0, S_0x555569f147d0;
 .timescale 0 0;
S_0x555569f157a0 .scope begin, "round_ctr" "round_ctr" 8 377, 8 377 0, S_0x555569f147d0;
 .timescale 0 0;
S_0x555569f15930 .scope begin, "round_logic" "round_logic" 8 264, 8 264 0, S_0x555569f147d0;
 .timescale 0 0;
v0x555569edecf0_0 .var "addkey_final_block", 127 0;
v0x555569ede8b0_0 .var "addkey_init_block", 127 0;
v0x555569ede470_0 .var "addkey_main_block", 127 0;
v0x555569ede530_0 .var "mixcolumns_block", 127 0;
v0x555569ede030_0 .var "old_block", 127 0;
v0x555569eddbf0_0 .var "shiftrows_block", 127 0;
S_0x555569f15ac0 .scope autofunction.vec4.s128, "shiftrows" "shiftrows" 8 134, 8 134 0, S_0x555569f147d0;
 .timescale 0 0;
v0x555569edd7b0_0 .var "data", 127 0;
; Variable shiftrows is vec4 return value of scope S_0x555569f15ac0
v0x555569edcf30_0 .var "w0", 31 0;
v0x555569edcff0_0 .var "w1", 31 0;
v0x555569edcaf0_0 .var "w2", 31 0;
v0x555569edc6b0_0 .var "w3", 31 0;
v0x555569edc270_0 .var "ws0", 31 0;
v0x555569edbe30_0 .var "ws1", 31 0;
v0x555569edb9f0_0 .var "ws2", 31 0;
v0x555569edb5b0_0 .var "ws3", 31 0;
TD_tb_aes.dut.core.enc_block.shiftrows ;
    %load/vec4 v0x555569edd7b0_0;
    %parti/s 32, 96, 8;
    %store/vec4 v0x555569edcf30_0, 0, 32;
    %load/vec4 v0x555569edd7b0_0;
    %parti/s 32, 64, 8;
    %store/vec4 v0x555569edcff0_0, 0, 32;
    %load/vec4 v0x555569edd7b0_0;
    %parti/s 32, 32, 7;
    %store/vec4 v0x555569edcaf0_0, 0, 32;
    %load/vec4 v0x555569edd7b0_0;
    %parti/s 32, 0, 2;
    %store/vec4 v0x555569edc6b0_0, 0, 32;
    %load/vec4 v0x555569edcf30_0;
    %parti/s 8, 24, 6;
    %load/vec4 v0x555569edcff0_0;
    %parti/s 8, 16, 6;
    %concat/vec4; draw_concat_vec4
    %load/vec4 v0x555569edcaf0_0;
    %parti/s 8, 8, 5;
    %concat/vec4; draw_concat_vec4
    %load/vec4 v0x555569edc6b0_0;
    %parti/s 8, 0, 2;
    %concat/vec4; draw_concat_vec4
    %store/vec4 v0x555569edc270_0, 0, 32;
    %load/vec4 v0x555569edcff0_0;
    %parti/s 8, 24, 6;
    %load/vec4 v0x555569edcaf0_0;
    %parti/s 8, 16, 6;
    %concat/vec4; draw_concat_vec4
    %load/vec4 v0x555569edc6b0_0;
    %parti/s 8, 8, 5;
    %concat/vec4; draw_concat_vec4
    %load/vec4 v0x555569edcf30_0;
    %parti/s 8, 0, 2;
    %concat/vec4; draw_concat_vec4
    %store/vec4 v0x555569edbe30_0, 0, 32;
    %load/vec4 v0x555569edcaf0_0;
    %parti/s 8, 24, 6;
    %load/vec4 v0x555569edc6b0_0;
    %parti/s 8, 16, 6;
    %concat/vec4; draw_concat_vec4
    %load/vec4 v0x555569edcf30_0;
    %parti/s 8, 8, 5;
    %concat/vec4; draw_concat_vec4
    %load/vec4 v0x555569edcff0_0;
    %parti/s 8, 0, 2;
    %concat/vec4; draw_concat_vec4
    %store/vec4 v0x555569edb9f0_0, 0, 32;
    %load/vec4 v0x555569edc6b0_0;
    %parti/s 8, 24, 6;
    %load/vec4 v0x555569edcf30_0;
    %parti/s 8, 16, 6;
    %concat/vec4; draw_concat_vec4
    %load/vec4 v0x555569edcff0_0;
    %parti/s 8, 8, 5;
    %concat/vec4; draw_concat_vec4
    %load/vec4 v0x555569edcaf0_0;
    %parti/s 8, 0, 2;
    %concat/vec4; draw_concat_vec4
    %store/vec4 v0x555569edb5b0_0, 0, 32;
    %load/vec4 v0x555569edc270_0;
    %load/vec4 v0x555569edbe30_0;
    %concat/vec4; draw_concat_vec4
    %load/vec4 v0x555569edb9f0_0;
    %concat/vec4; draw_concat_vec4
    %load/vec4 v0x555569edb5b0_0;
    %concat/vec4; draw_concat_vec4
    %ret/vec4 0, 0, 128;  Assign to shiftrows (store_vec4_to_lval)
    %end;
S_0x555569f15c50 .scope begin, "sword_ctr" "sword_ctr" 8 354, 8 354 0, S_0x555569f147d0;
 .timescale 0 0;
S_0x555569f15ff0 .scope begin, "encdec_mux" "encdec_mux" 5 238, 5 238 0, S_0x555569ea0cd0;
 .timescale 0 0;
S_0x555569f16180 .scope module, "keymem" "aes_key_mem" 5 155, 9 41 0, S_0x555569ea0cd0;
 .timescale 0 0;
    .port_info 0 /INPUT 1 "clk";
    .port_info 1 /INPUT 1 "reset_n";
    .port_info 2 /INPUT 256 "key";
    .port_info 3 /INPUT 1 "keylen";
    .port_info 4 /INPUT 1 "init";
    .port_info 5 /INPUT 4 "round";
    .port_info 6 /OUTPUT 128 "round_key";
    .port_info 7 /OUTPUT 1 "ready";
    .port_info 8 /OUTPUT 32 "sboxw";
    .port_info 9 /INPUT 32 "new_sboxw";
P_0x555569f16310 .param/l "AES_128_BIT_KEY" 1 9 62, C4<0>;
P_0x555569f16350 .param/l "AES_128_NUM_ROUNDS" 1 9 65, +C4<00000000000000000000000000001010>;
P_0x555569f16390 .param/l "AES_256_BIT_KEY" 1 9 63, C4<1>;
P_0x555569f163d0 .param/l "AES_256_NUM_ROUNDS" 1 9 66, +C4<00000000000000000000000000001110>;
P_0x555569f16410 .param/l "CTRL_DONE" 1 9 71, C4<011>;
P_0x555569f16450 .param/l "CTRL_GENERATE" 1 9 70, C4<010>;
P_0x555569f16490 .param/l "CTRL_IDLE" 1 9 68, C4<000>;
P_0x555569f164d0 .param/l "CTRL_INIT" 1 9 69, C4<001>;
L_0x555569eefdb0 .functor BUFZ 128, v0x555569eca5b0_0, C4<00000000000000000000000000000000000000000000000000000000000000000000000000000000000000000000000000000000000000000000000000000000>, C4<00000000000000000000000000000000000000000000000000000000000000000000000000000000000000000000000000000000000000000000000000000000>, C4<00000000000000000000000000000000000000000000000000000000000000000000000000000000000000000000000000000000000000000000000000000000>;
L_0x555569ef0160 .functor BUFZ 1, v0x555569ecc7b0_0, C4<0>, C4<0>, C4<0>;
L_0x555569ef01d0 .functor BUFZ 32, v0x555569eca670_0, C4<00000000000000000000000000000000>, C4<00000000000000000000000000000000>, C4<00000000000000000000000000000000>;
v0x555569ed0330_0 .net "clk", 0 0, v0x555569e89ab0_0;  alias, 1 drivers
v0x555569ed03f0_0 .net "init", 0 0, L_0x555569f05a50;  alias, 1 drivers
v0x555569ecfef0_0 .net "key", 255 0, L_0x555569e88e90;  alias, 1 drivers
v0x555569ecff90 .array "key_mem", 14 0, 127 0;
v0x555569ecfab0_0 .var "key_mem_ctrl_new", 2 0;
v0x555569ecf670_0 .var "key_mem_ctrl_reg", 2 0;
v0x555569ecf230_0 .var "key_mem_ctrl_we", 0 0;
v0x555569ecf2f0_0 .var "key_mem_new", 127 0;
v0x555569ecedf0_0 .var "key_mem_we", 0 0;
v0x555569ecee90_0 .net "keylen", 0 0, L_0x555569e885f0;  alias, 1 drivers
v0x555569ece9b0_0 .net "new_sboxw", 31 0, L_0x555569e7d3b0;  alias, 1 drivers
v0x555569ecea70_0 .var "prev_key0_new", 127 0;
v0x555569ece570_0 .var "prev_key0_reg", 127 0;
v0x555569ece130_0 .var "prev_key0_we", 0 0;
v0x555569ece1f0_0 .var "prev_key1_new", 127 0;
v0x555569ecdcf0_0 .var "prev_key1_reg", 127 0;
v0x555569ecd8b0_0 .var "prev_key1_we", 0 0;
v0x555569ecd970_0 .var "rcon_new", 7 0;
v0x555569ecd470_0 .var "rcon_next", 0 0;
v0x555569ecd530_0 .var "rcon_reg", 7 0;
v0x555569ecd030_0 .var "rcon_set", 0 0;
v0x555569ecd0f0_0 .var "rcon_we", 0 0;
v0x555569eccbf0_0 .net "ready", 0 0, L_0x555569ef0160;  alias, 1 drivers
v0x555569ecccb0_0 .var "ready_new", 0 0;
v0x555569ecc7b0_0 .var "ready_reg", 0 0;
v0x555569ecc870_0 .var "ready_we", 0 0;
v0x555569ecc370_0 .net "reset_n", 0 0, v0x555569e89710_0;  alias, 1 drivers
v0x555569ecbf30_0 .net "round", 3 0, v0x555569e94d30_0;  1 drivers
v0x555569ecbaf0_0 .var "round_ctr_inc", 0 0;
v0x555569ecbbb0_0 .var "round_ctr_new", 3 0;
v0x555569ecb6b0_0 .var "round_ctr_reg", 3 0;
v0x555569ecb270_0 .var "round_ctr_rst", 0 0;
v0x555569ecb330_0 .var "round_ctr_we", 0 0;
v0x555569ecae30_0 .net "round_key", 127 0, L_0x555569eefdb0;  alias, 1 drivers
v0x555569eca9f0_0 .var "round_key_update", 0 0;
v0x555569ecaab0_0 .net "sboxw", 31 0, L_0x555569ef01d0;  alias, 1 drivers
v0x555569eca5b0_0 .var "tmp_round_key", 127 0;
v0x555569eca670_0 .var "tmp_sboxw", 31 0;
E_0x555569ee4760/0 .event anyedge, v0x555569eea030_0, v0x555569ecf670_0, v0x555569ed03f0_0, v0x555569ecb6b0_0;
E_0x555569ee4760/1 .event anyedge, v0x555569ed4b70_0;
E_0x555569ee4760 .event/or E_0x555569ee4760/0, E_0x555569ee4760/1;
E_0x555569edf6a0 .event anyedge, v0x555569ecb270_0, v0x555569ecbaf0_0, v0x555569ecb6b0_0;
E_0x555569edee20 .event anyedge, v0x555569ecd530_0, v0x555569ecd030_0, v0x555569ecd470_0, v0x555569ed4730_0;
E_0x555569edf260/0 .event anyedge, v0x555569ece570_0, v0x555569ecdcf0_0, v0x555569ecd530_0, v0x555569ed0770_0;
E_0x555569edf260/1 .event anyedge, v0x555569ed8b30_0, v0x555569ed31f0_0, v0x555569ed3630_0, v0x555569eca9f0_0;
E_0x555569edf260/2 .event anyedge, v0x555569eea030_0, v0x555569ecb6b0_0, v0x555569ecfef0_0, v0x555569ed1430_0;
E_0x555569edf260/3 .event anyedge, v0x555569ed2db0_0, v0x555569ed0ff0_0, v0x555569ed0bb0_0, v0x555569ed42f0_0;
E_0x555569edf260/4 .event anyedge, v0x555569ed3eb0_0, v0x555569ed3a70_0, v0x555569ed3b30_0, v0x555569ed2530_0;
E_0x555569edf260/5 .event anyedge, v0x555569ed20f0_0, v0x555569ed1cb0_0, v0x555569ed1870_0, v0x555569ed2970_0;
E_0x555569edf260 .event/or E_0x555569edf260/0, E_0x555569edf260/1, E_0x555569edf260/2, E_0x555569edf260/3, E_0x555569edf260/4, E_0x555569edf260/5;
v0x555569ecff90_0 .array/port v0x555569ecff90, 0;
v0x555569ecff90_1 .array/port v0x555569ecff90, 1;
v0x555569ecff90_2 .array/port v0x555569ecff90, 2;
E_0x555569ed5080/0 .event anyedge, v0x555569ecbf30_0, v0x555569ecff90_0, v0x555569ecff90_1, v0x555569ecff90_2;
v0x555569ecff90_3 .array/port v0x555569ecff90, 3;
v0x555569ecff90_4 .array/port v0x555569ecff90, 4;
v0x555569ecff90_5 .array/port v0x555569ecff90, 5;
v0x555569ecff90_6 .array/port v0x555569ecff90, 6;
E_0x555569ed5080/1 .event anyedge, v0x555569ecff90_3, v0x555569ecff90_4, v0x555569ecff90_5, v0x555569ecff90_6;
v0x555569ecff90_7 .array/port v0x555569ecff90, 7;
v0x555569ecff90_8 .array/port v0x555569ecff90, 8;
v0x555569ecff90_9 .array/port v0x555569ecff90, 9;
v0x555569ecff90_10 .array/port v0x555569ecff90, 10;
E_0x555569ed5080/2 .event anyedge, v0x555569ecff90_7, v0x555569ecff90_8, v0x555569ecff90_9, v0x555569ecff90_10;
v0x555569ecff90_11 .array/port v0x555569ecff90, 11;
v0x555569ecff90_12 .array/port v0x555569ecff90, 12;
v0x555569ecff90_13 .array/port v0x555569ecff90, 13;
v0x555569ecff90_14 .array/port v0x555569ecff90, 14;
E_0x555569ed5080/3 .event anyedge, v0x555569ecff90_11, v0x555569ecff90_12, v0x555569ecff90_13, v0x555569ecff90_14;
E_0x555569ed5080 .event/or E_0x555569ed5080/0, E_0x555569ed5080/1, E_0x555569ed5080/2, E_0x555569ed5080/3;
S_0x555569f16520 .scope begin, "key_mem_ctrl" "key_mem_ctrl" 9 369, 9 369 0, S_0x555569f16180;
 .timescale 0 0;
v0x555569ed4b70_0 .var "num_rounds", 3 0;
S_0x555569f166b0 .scope begin, "key_mem_read" "key_mem_read" 9 181, 9 181 0, S_0x555569f16180;
 .timescale 0 0;
S_0x555569f16840 .scope begin, "rcon_logic" "rcon_logic" 9 317, 9 317 0, S_0x555569f16180;
 .timescale 0 0;
v0x555569ed4730_0 .var "tmp_rcon", 7 0;
S_0x555569f169d0 .scope begin, "reg_update" "reg_update" 9 134, 9 134 0, S_0x555569f16180;
 .timescale 0 0;
v0x555569ed47f0_0 .var/i "i", 31 0;
S_0x555569f16b60 .scope begin, "round_ctr" "round_ctr" 9 344, 9 344 0, S_0x555569f16180;
 .timescale 0 0;
S_0x555569f16cf0 .scope begin, "round_key_gen" "round_key_gen" 9 192, 9 192 0, S_0x555569f16180;
 .timescale 0 0;
v0x555569ed42f0_0 .var "k0", 31 0;
v0x555569ed3eb0_0 .var "k1", 31 0;
v0x555569ed3a70_0 .var "k2", 31 0;
v0x555569ed3b30_0 .var "k3", 31 0;
v0x555569ed3630_0 .var "rconw", 31 0;
v0x555569ed31f0_0 .var "rotstw", 31 0;
v0x555569ed2db0_0 .var "trw", 31 0;
v0x555569ed2970_0 .var "tw", 31 0;
v0x555569ed2530_0 .var "w0", 31 0;
v0x555569ed20f0_0 .var "w1", 31 0;
v0x555569ed1cb0_0 .var "w2", 31 0;
v0x555569ed1870_0 .var "w3", 31 0;
v0x555569ed1430_0 .var "w4", 31 0;
v0x555569ed0ff0_0 .var "w5", 31 0;
v0x555569ed0bb0_0 .var "w6", 31 0;
v0x555569ed0770_0 .var "w7", 31 0;
S_0x555569f17090 .scope begin, "reg_update" "reg_update" 5 191, 5 191 0, S_0x555569ea0cd0;
 .timescale 0 0;
S_0x555569f17220 .scope module, "sbox_inst" "aes_sbox" 5 172, 10 42 0, S_0x555569ea0cd0;
 .timescale 0 0;
    .port_info 0 /INPUT 32 "sboxw";
    .port_info 1 /OUTPUT 32 "new_sboxw";
L_0x555569ef1280 .functor BUFZ 8, L_0x555569ef05c0, C4<00000000>, C4<00000000>, C4<00000000>;
L_0x555569ef1f80 .functor BUFZ 8, L_0x555569ef1670, C4<00000000>, C4<00000000>, C4<00000000>;
L_0x555569e7d2f0 .functor BUFZ 8, L_0x555569ef2380, C4<00000000>, C4<00000000>, C4<00000000>;
L_0x555569e7c290 .functor BUFZ 8, L_0x555569e7cad0, C4<00000000>, C4<00000000>, C4<00000000>;
v0x555569eca170_0 .net *"_ivl_11", 7 0, L_0x555569ef1280;  1 drivers
v0x555569ec9d30_0 .net *"_ivl_14", 7 0, L_0x555569ef1670;  1 drivers
v0x555569ec98f0_0 .net *"_ivl_17", 7 0, L_0x555569ef1710;  1 drivers
v0x555569ec99b0_0 .net *"_ivl_18", 9 0, L_0x555569ef1ab0;  1 drivers
v0x555569ec94b0_0 .net *"_ivl_2", 7 0, L_0x555569ef05c0;  1 drivers
L_0x752d8fe71980 .functor BUFT 1, C4<00>, C4<0>, C4<0>, C4<0>;
v0x555569ec9070_0 .net *"_ivl_21", 1 0, L_0x752d8fe71980;  1 drivers
v0x555569e45a90_0 .net *"_ivl_23", 7 0, L_0x555569ef1f80;  1 drivers
v0x555569e9ffb0_0 .net *"_ivl_26", 7 0, L_0x555569ef2380;  1 drivers
v0x555569e9fb70_0 .net *"_ivl_29", 7 0, L_0x555569e7db70;  1 drivers
v0x555569e9f730_0 .net *"_ivl_30", 9 0, L_0x555569e7d730;  1 drivers
L_0x752d8fe719c8 .functor BUFT 1, C4<00>, C4<0>, C4<0>, C4<0>;
v0x555569e9f2f0_0 .net *"_ivl_33", 1 0, L_0x752d8fe719c8;  1 drivers
v0x555569e9eeb0_0 .net *"_ivl_35", 7 0, L_0x555569e7d2f0;  1 drivers
v0x555569e9ea70_0 .net *"_ivl_39", 7 0, L_0x555569e7cad0;  1 drivers
v0x555569e9e630_0 .net *"_ivl_42", 7 0, L_0x555569e7c630;  1 drivers
v0x555569e9e1f0_0 .net *"_ivl_43", 9 0, L_0x555569e7c6d0;  1 drivers
L_0x752d8fe71a10 .functor BUFT 1, C4<00>, C4<0>, C4<0>, C4<0>;
v0x555569e9ddb0_0 .net *"_ivl_46", 1 0, L_0x752d8fe71a10;  1 drivers
v0x555569e9d970_0 .net *"_ivl_48", 7 0, L_0x555569e7c290;  1 drivers
v0x555569e9d530_0 .net *"_ivl_5", 7 0, L_0x555569ef09b0;  1 drivers
v0x555569e9d0f0_0 .net *"_ivl_6", 9 0, L_0x555569ef0df0;  1 drivers
L_0x752d8fe71938 .functor BUFT 1, C4<00>, C4<0>, C4<0>, C4<0>;
v0x555569e9ccb0_0 .net *"_ivl_9", 1 0, L_0x752d8fe71938;  1 drivers
v0x555569e9c870_0 .net "new_sboxw", 31 0, L_0x555569e7d3b0;  alias, 1 drivers
L_0x752d8fe71a58 .functor BUFT 1, C4<01100011>, C4<0>, C4<0>, C4<0>;
v0x555569e9c930 .array "sbox", 255 0;
v0x555569e9c930_0 .net v0x555569e9c930 0, 7 0, L_0x752d8fe71a58; 1 drivers
L_0x752d8fe71aa0 .functor BUFT 1, C4<01111100>, C4<0>, C4<0>, C4<0>;
v0x555569e9c930_1 .net v0x555569e9c930 1, 7 0, L_0x752d8fe71aa0; 1 drivers
L_0x752d8fe71ae8 .functor BUFT 1, C4<01110111>, C4<0>, C4<0>, C4<0>;
v0x555569e9c930_2 .net v0x555569e9c930 2, 7 0, L_0x752d8fe71ae8; 1 drivers
L_0x752d8fe71b30 .functor BUFT 1, C4<01111011>, C4<0>, C4<0>, C4<0>;
v0x555569e9c930_3 .net v0x555569e9c930 3, 7 0, L_0x752d8fe71b30; 1 drivers
L_0x752d8fe71b78 .functor BUFT 1, C4<11110010>, C4<0>, C4<0>, C4<0>;
v0x555569e9c930_4 .net v0x555569e9c930 4, 7 0, L_0x752d8fe71b78; 1 drivers
L_0x752d8fe71bc0 .functor BUFT 1, C4<01101011>, C4<0>, C4<0>, C4<0>;
v0x555569e9c930_5 .net v0x555569e9c930 5, 7 0, L_0x752d8fe71bc0; 1 drivers
L_0x752d8fe71c08 .functor BUFT 1, C4<01101111>, C4<0>, C4<0>, C4<0>;
v0x555569e9c930_6 .net v0x555569e9c930 6, 7 0, L_0x752d8fe71c08; 1 drivers
L_0x752d8fe71c50 .functor BUFT 1, C4<11000101>, C4<0>, C4<0>, C4<0>;
v0x555569e9c930_7 .net v0x555569e9c930 7, 7 0, L_0x752d8fe71c50; 1 drivers
L_0x752d8fe71c98 .functor BUFT 1, C4<00110000>, C4<0>, C4<0>, C4<0>;
v0x555569e9c930_8 .net v0x555569e9c930 8, 7 0, L_0x752d8fe71c98; 1 drivers
L_0x752d8fe71ce0 .functor BUFT 1, C4<00000001>, C4<0>, C4<0>, C4<0>;
v0x555569e9c930_9 .net v0x555569e9c930 9, 7 0, L_0x752d8fe71ce0; 1 drivers
L_0x752d8fe71d28 .functor BUFT 1, C4<01100111>, C4<0>, C4<0>, C4<0>;
v0x555569e9c930_10 .net v0x555569e9c930 10, 7 0, L_0x752d8fe71d28; 1 drivers
L_0x752d8fe71d70 .functor BUFT 1, C4<00101011>, C4<0>, C4<0>, C4<0>;
v0x555569e9c930_11 .net v0x555569e9c930 11, 7 0, L_0x752d8fe71d70; 1 drivers
L_0x752d8fe71db8 .functor BUFT 1, C4<11111110>, C4<0>, C4<0>, C4<0>;
v0x555569e9c930_12 .net v0x555569e9c930 12, 7 0, L_0x752d8fe71db8; 1 drivers
L_0x752d8fe71e00 .functor BUFT 1, C4<11010111>, C4<0>, C4<0>, C4<0>;
v0x555569e9c930_13 .net v0x555569e9c930 13, 7 0, L_0x752d8fe71e00; 1 drivers
L_0x752d8fe71e48 .functor BUFT 1, C4<10101011>, C4<0>, C4<0>, C4<0>;
v0x555569e9c930_14 .net v0x555569e9c930 14, 7 0, L_0x752d8fe71e48; 1 drivers
L_0x752d8fe71e90 .functor BUFT 1, C4<01110110>, C4<0>, C4<0>, C4<0>;
v0x555569e9c930_15 .net v0x555569e9c930 15, 7 0, L_0x752d8fe71e90; 1 drivers
L_0x752d8fe71ed8 .functor BUFT 1, C4<11001010>, C4<0>, C4<0>, C4<0>;
v0x555569e9c930_16 .net v0x555569e9c930 16, 7 0, L_0x752d8fe71ed8; 1 drivers
L_0x752d8fe71f20 .functor BUFT 1, C4<10000010>, C4<0>, C4<0>, C4<0>;
v0x555569e9c930_17 .net v0x555569e9c930 17, 7 0, L_0x752d8fe71f20; 1 drivers
L_0x752d8fe71f68 .functor BUFT 1, C4<11001001>, C4<0>, C4<0>, C4<0>;
v0x555569e9c930_18 .net v0x555569e9c930 18, 7 0, L_0x752d8fe71f68; 1 drivers
L_0x752d8fe71fb0 .functor BUFT 1, C4<01111101>, C4<0>, C4<0>, C4<0>;
v0x555569e9c930_19 .net v0x555569e9c930 19, 7 0, L_0x752d8fe71fb0; 1 drivers
L_0x752d8fe71ff8 .functor BUFT 1, C4<11111010>, C4<0>, C4<0>, C4<0>;
v0x555569e9c930_20 .net v0x555569e9c930 20, 7 0, L_0x752d8fe71ff8; 1 drivers
L_0x752d8fe72040 .functor BUFT 1, C4<01011001>, C4<0>, C4<0>, C4<0>;
v0x555569e9c930_21 .net v0x555569e9c930 21, 7 0, L_0x752d8fe72040; 1 drivers
L_0x752d8fe72088 .functor BUFT 1, C4<01000111>, C4<0>, C4<0>, C4<0>;
v0x555569e9c930_22 .net v0x555569e9c930 22, 7 0, L_0x752d8fe72088; 1 drivers
L_0x752d8fe720d0 .functor BUFT 1, C4<11110000>, C4<0>, C4<0>, C4<0>;
v0x555569e9c930_23 .net v0x555569e9c930 23, 7 0, L_0x752d8fe720d0; 1 drivers
L_0x752d8fe72118 .functor BUFT 1, C4<10101101>, C4<0>, C4<0>, C4<0>;
v0x555569e9c930_24 .net v0x555569e9c930 24, 7 0, L_0x752d8fe72118; 1 drivers
L_0x752d8fe72160 .functor BUFT 1, C4<11010100>, C4<0>, C4<0>, C4<0>;
v0x555569e9c930_25 .net v0x555569e9c930 25, 7 0, L_0x752d8fe72160; 1 drivers
L_0x752d8fe721a8 .functor BUFT 1, C4<10100010>, C4<0>, C4<0>, C4<0>;
v0x555569e9c930_26 .net v0x555569e9c930 26, 7 0, L_0x752d8fe721a8; 1 drivers
L_0x752d8fe721f0 .functor BUFT 1, C4<10101111>, C4<0>, C4<0>, C4<0>;
v0x555569e9c930_27 .net v0x555569e9c930 27, 7 0, L_0x752d8fe721f0; 1 drivers
L_0x752d8fe72238 .functor BUFT 1, C4<10011100>, C4<0>, C4<0>, C4<0>;
v0x555569e9c930_28 .net v0x555569e9c930 28, 7 0, L_0x752d8fe72238; 1 drivers
L_0x752d8fe72280 .functor BUFT 1, C4<10100100>, C4<0>, C4<0>, C4<0>;
v0x555569e9c930_29 .net v0x555569e9c930 29, 7 0, L_0x752d8fe72280; 1 drivers
L_0x752d8fe722c8 .functor BUFT 1, C4<01110010>, C4<0>, C4<0>, C4<0>;
v0x555569e9c930_30 .net v0x555569e9c930 30, 7 0, L_0x752d8fe722c8; 1 drivers
L_0x752d8fe72310 .functor BUFT 1, C4<11000000>, C4<0>, C4<0>, C4<0>;
v0x555569e9c930_31 .net v0x555569e9c930 31, 7 0, L_0x752d8fe72310; 1 drivers
L_0x752d8fe72358 .functor BUFT 1, C4<10110111>, C4<0>, C4<0>, C4<0>;
v0x555569e9c930_32 .net v0x555569e9c930 32, 7 0, L_0x752d8fe72358; 1 drivers
L_0x752d8fe723a0 .functor BUFT 1, C4<11111101>, C4<0>, C4<0>, C4<0>;
v0x555569e9c930_33 .net v0x555569e9c930 33, 7 0, L_0x752d8fe723a0; 1 drivers
L_0x752d8fe723e8 .functor BUFT 1, C4<10010011>, C4<0>, C4<0>, C4<0>;
v0x555569e9c930_34 .net v0x555569e9c930 34, 7 0, L_0x752d8fe723e8; 1 drivers
L_0x752d8fe72430 .functor BUFT 1, C4<00100110>, C4<0>, C4<0>, C4<0>;
v0x555569e9c930_35 .net v0x555569e9c930 35, 7 0, L_0x752d8fe72430; 1 drivers
L_0x752d8fe72478 .functor BUFT 1, C4<00110110>, C4<0>, C4<0>, C4<0>;
v0x555569e9c930_36 .net v0x555569e9c930 36, 7 0, L_0x752d8fe72478; 1 drivers
L_0x752d8fe724c0 .functor BUFT 1, C4<00111111>, C4<0>, C4<0>, C4<0>;
v0x555569e9c930_37 .net v0x555569e9c930 37, 7 0, L_0x752d8fe724c0; 1 drivers
L_0x752d8fe72508 .functor BUFT 1, C4<11110111>, C4<0>, C4<0>, C4<0>;
v0x555569e9c930_38 .net v0x555569e9c930 38, 7 0, L_0x752d8fe72508; 1 drivers
L_0x752d8fe72550 .functor BUFT 1, C4<11001100>, C4<0>, C4<0>, C4<0>;
v0x555569e9c930_39 .net v0x555569e9c930 39, 7 0, L_0x752d8fe72550; 1 drivers
L_0x752d8fe72598 .functor BUFT 1, C4<00110100>, C4<0>, C4<0>, C4<0>;
v0x555569e9c930_40 .net v0x555569e9c930 40, 7 0, L_0x752d8fe72598; 1 drivers
L_0x752d8fe725e0 .functor BUFT 1, C4<10100101>, C4<0>, C4<0>, C4<0>;
v0x555569e9c930_41 .net v0x555569e9c930 41, 7 0, L_0x752d8fe725e0; 1 drivers
L_0x752d8fe72628 .functor BUFT 1, C4<11100101>, C4<0>, C4<0>, C4<0>;
v0x555569e9c930_42 .net v0x555569e9c930 42, 7 0, L_0x752d8fe72628; 1 drivers
L_0x752d8fe72670 .functor BUFT 1, C4<11110001>, C4<0>, C4<0>, C4<0>;
v0x555569e9c930_43 .net v0x555569e9c930 43, 7 0, L_0x752d8fe72670; 1 drivers
L_0x752d8fe726b8 .functor BUFT 1, C4<01110001>, C4<0>, C4<0>, C4<0>;
v0x555569e9c930_44 .net v0x555569e9c930 44, 7 0, L_0x752d8fe726b8; 1 drivers
L_0x752d8fe72700 .functor BUFT 1, C4<11011000>, C4<0>, C4<0>, C4<0>;
v0x555569e9c930_45 .net v0x555569e9c930 45, 7 0, L_0x752d8fe72700; 1 drivers
L_0x752d8fe72748 .functor BUFT 1, C4<00110001>, C4<0>, C4<0>, C4<0>;
v0x555569e9c930_46 .net v0x555569e9c930 46, 7 0, L_0x752d8fe72748; 1 drivers
L_0x752d8fe72790 .functor BUFT 1, C4<00010101>, C4<0>, C4<0>, C4<0>;
v0x555569e9c930_47 .net v0x555569e9c930 47, 7 0, L_0x752d8fe72790; 1 drivers
L_0x752d8fe727d8 .functor BUFT 1, C4<00000100>, C4<0>, C4<0>, C4<0>;
v0x555569e9c930_48 .net v0x555569e9c930 48, 7 0, L_0x752d8fe727d8; 1 drivers
L_0x752d8fe72820 .functor BUFT 1, C4<11000111>, C4<0>, C4<0>, C4<0>;
v0x555569e9c930_49 .net v0x555569e9c930 49, 7 0, L_0x752d8fe72820; 1 drivers
L_0x752d8fe72868 .functor BUFT 1, C4<00100011>, C4<0>, C4<0>, C4<0>;
v0x555569e9c930_50 .net v0x555569e9c930 50, 7 0, L_0x752d8fe72868; 1 drivers
L_0x752d8fe728b0 .functor BUFT 1, C4<11000011>, C4<0>, C4<0>, C4<0>;
v0x555569e9c930_51 .net v0x555569e9c930 51, 7 0, L_0x752d8fe728b0; 1 drivers
L_0x752d8fe728f8 .functor BUFT 1, C4<00011000>, C4<0>, C4<0>, C4<0>;
v0x555569e9c930_52 .net v0x555569e9c930 52, 7 0, L_0x752d8fe728f8; 1 drivers
L_0x752d8fe72940 .functor BUFT 1, C4<10010110>, C4<0>, C4<0>, C4<0>;
v0x555569e9c930_53 .net v0x555569e9c930 53, 7 0, L_0x752d8fe72940; 1 drivers
L_0x752d8fe72988 .functor BUFT 1, C4<00000101>, C4<0>, C4<0>, C4<0>;
v0x555569e9c930_54 .net v0x555569e9c930 54, 7 0, L_0x752d8fe72988; 1 drivers
L_0x752d8fe729d0 .functor BUFT 1, C4<10011010>, C4<0>, C4<0>, C4<0>;
v0x555569e9c930_55 .net v0x555569e9c930 55, 7 0, L_0x752d8fe729d0; 1 drivers
L_0x752d8fe72a18 .functor BUFT 1, C4<00000111>, C4<0>, C4<0>, C4<0>;
v0x555569e9c930_56 .net v0x555569e9c930 56, 7 0, L_0x752d8fe72a18; 1 drivers
L_0x752d8fe72a60 .functor BUFT 1, C4<00010010>, C4<0>, C4<0>, C4<0>;
v0x555569e9c930_57 .net v0x555569e9c930 57, 7 0, L_0x752d8fe72a60; 1 drivers
L_0x752d8fe72aa8 .functor BUFT 1, C4<10000000>, C4<0>, C4<0>, C4<0>;
v0x555569e9c930_58 .net v0x555569e9c930 58, 7 0, L_0x752d8fe72aa8; 1 drivers
L_0x752d8fe72af0 .functor BUFT 1, C4<11100010>, C4<0>, C4<0>, C4<0>;
v0x555569e9c930_59 .net v0x555569e9c930 59, 7 0, L_0x752d8fe72af0; 1 drivers
L_0x752d8fe72b38 .functor BUFT 1, C4<11101011>, C4<0>, C4<0>, C4<0>;
v0x555569e9c930_60 .net v0x555569e9c930 60, 7 0, L_0x752d8fe72b38; 1 drivers
L_0x752d8fe72b80 .functor BUFT 1, C4<00100111>, C4<0>, C4<0>, C4<0>;
v0x555569e9c930_61 .net v0x555569e9c930 61, 7 0, L_0x752d8fe72b80; 1 drivers
L_0x752d8fe72bc8 .functor BUFT 1, C4<10110010>, C4<0>, C4<0>, C4<0>;
v0x555569e9c930_62 .net v0x555569e9c930 62, 7 0, L_0x752d8fe72bc8; 1 drivers
L_0x752d8fe72c10 .functor BUFT 1, C4<01110101>, C4<0>, C4<0>, C4<0>;
v0x555569e9c930_63 .net v0x555569e9c930 63, 7 0, L_0x752d8fe72c10; 1 drivers
L_0x752d8fe72c58 .functor BUFT 1, C4<00001001>, C4<0>, C4<0>, C4<0>;
v0x555569e9c930_64 .net v0x555569e9c930 64, 7 0, L_0x752d8fe72c58; 1 drivers
L_0x752d8fe72ca0 .functor BUFT 1, C4<10000011>, C4<0>, C4<0>, C4<0>;
v0x555569e9c930_65 .net v0x555569e9c930 65, 7 0, L_0x752d8fe72ca0; 1 drivers
L_0x752d8fe72ce8 .functor BUFT 1, C4<00101100>, C4<0>, C4<0>, C4<0>;
v0x555569e9c930_66 .net v0x555569e9c930 66, 7 0, L_0x752d8fe72ce8; 1 drivers
L_0x752d8fe72d30 .functor BUFT 1, C4<00011010>, C4<0>, C4<0>, C4<0>;
v0x555569e9c930_67 .net v0x555569e9c930 67, 7 0, L_0x752d8fe72d30; 1 drivers
L_0x752d8fe72d78 .functor BUFT 1, C4<00011011>, C4<0>, C4<0>, C4<0>;
v0x555569e9c930_68 .net v0x555569e9c930 68, 7 0, L_0x752d8fe72d78; 1 drivers
L_0x752d8fe72dc0 .functor BUFT 1, C4<01101110>, C4<0>, C4<0>, C4<0>;
v0x555569e9c930_69 .net v0x555569e9c930 69, 7 0, L_0x752d8fe72dc0; 1 drivers
L_0x752d8fe72e08 .functor BUFT 1, C4<01011010>, C4<0>, C4<0>, C4<0>;
v0x555569e9c930_70 .net v0x555569e9c930 70, 7 0, L_0x752d8fe72e08; 1 drivers
L_0x752d8fe72e50 .functor BUFT 1, C4<10100000>, C4<0>, C4<0>, C4<0>;
v0x555569e9c930_71 .net v0x555569e9c930 71, 7 0, L_0x752d8fe72e50; 1 drivers
L_0x752d8fe72e98 .functor BUFT 1, C4<01010010>, C4<0>, C4<0>, C4<0>;
v0x555569e9c930_72 .net v0x555569e9c930 72, 7 0, L_0x752d8fe72e98; 1 drivers
L_0x752d8fe72ee0 .functor BUFT 1, C4<00111011>, C4<0>, C4<0>, C4<0>;
v0x555569e9c930_73 .net v0x555569e9c930 73, 7 0, L_0x752d8fe72ee0; 1 drivers
L_0x752d8fe72f28 .functor BUFT 1, C4<11010110>, C4<0>, C4<0>, C4<0>;
v0x555569e9c930_74 .net v0x555569e9c930 74, 7 0, L_0x752d8fe72f28; 1 drivers
L_0x752d8fe72f70 .functor BUFT 1, C4<10110011>, C4<0>, C4<0>, C4<0>;
v0x555569e9c930_75 .net v0x555569e9c930 75, 7 0, L_0x752d8fe72f70; 1 drivers
L_0x752d8fe72fb8 .functor BUFT 1, C4<00101001>, C4<0>, C4<0>, C4<0>;
v0x555569e9c930_76 .net v0x555569e9c930 76, 7 0, L_0x752d8fe72fb8; 1 drivers
L_0x752d8fe73000 .functor BUFT 1, C4<11100011>, C4<0>, C4<0>, C4<0>;
v0x555569e9c930_77 .net v0x555569e9c930 77, 7 0, L_0x752d8fe73000; 1 drivers
L_0x752d8fe73048 .functor BUFT 1, C4<00101111>, C4<0>, C4<0>, C4<0>;
v0x555569e9c930_78 .net v0x555569e9c930 78, 7 0, L_0x752d8fe73048; 1 drivers
L_0x752d8fe73090 .functor BUFT 1, C4<10000100>, C4<0>, C4<0>, C4<0>;
v0x555569e9c930_79 .net v0x555569e9c930 79, 7 0, L_0x752d8fe73090; 1 drivers
L_0x752d8fe730d8 .functor BUFT 1, C4<01010011>, C4<0>, C4<0>, C4<0>;
v0x555569e9c930_80 .net v0x555569e9c930 80, 7 0, L_0x752d8fe730d8; 1 drivers
L_0x752d8fe73120 .functor BUFT 1, C4<11010001>, C4<0>, C4<0>, C4<0>;
v0x555569e9c930_81 .net v0x555569e9c930 81, 7 0, L_0x752d8fe73120; 1 drivers
L_0x752d8fe73168 .functor BUFT 1, C4<00000000>, C4<0>, C4<0>, C4<0>;
v0x555569e9c930_82 .net v0x555569e9c930 82, 7 0, L_0x752d8fe73168; 1 drivers
L_0x752d8fe731b0 .functor BUFT 1, C4<11101101>, C4<0>, C4<0>, C4<0>;
v0x555569e9c930_83 .net v0x555569e9c930 83, 7 0, L_0x752d8fe731b0; 1 drivers
L_0x752d8fe731f8 .functor BUFT 1, C4<00100000>, C4<0>, C4<0>, C4<0>;
v0x555569e9c930_84 .net v0x555569e9c930 84, 7 0, L_0x752d8fe731f8; 1 drivers
L_0x752d8fe73240 .functor BUFT 1, C4<11111100>, C4<0>, C4<0>, C4<0>;
v0x555569e9c930_85 .net v0x555569e9c930 85, 7 0, L_0x752d8fe73240; 1 drivers
L_0x752d8fe73288 .functor BUFT 1, C4<10110001>, C4<0>, C4<0>, C4<0>;
v0x555569e9c930_86 .net v0x555569e9c930 86, 7 0, L_0x752d8fe73288; 1 drivers
L_0x752d8fe732d0 .functor BUFT 1, C4<01011011>, C4<0>, C4<0>, C4<0>;
v0x555569e9c930_87 .net v0x555569e9c930 87, 7 0, L_0x752d8fe732d0; 1 drivers
L_0x752d8fe73318 .functor BUFT 1, C4<01101010>, C4<0>, C4<0>, C4<0>;
v0x555569e9c930_88 .net v0x555569e9c930 88, 7 0, L_0x752d8fe73318; 1 drivers
L_0x752d8fe73360 .functor BUFT 1, C4<11001011>, C4<0>, C4<0>, C4<0>;
v0x555569e9c930_89 .net v0x555569e9c930 89, 7 0, L_0x752d8fe73360; 1 drivers
L_0x752d8fe733a8 .functor BUFT 1, C4<10111110>, C4<0>, C4<0>, C4<0>;
v0x555569e9c930_90 .net v0x555569e9c930 90, 7 0, L_0x752d8fe733a8; 1 drivers
L_0x752d8fe733f0 .functor BUFT 1, C4<00111001>, C4<0>, C4<0>, C4<0>;
v0x555569e9c930_91 .net v0x555569e9c930 91, 7 0, L_0x752d8fe733f0; 1 drivers
L_0x752d8fe73438 .functor BUFT 1, C4<01001010>, C4<0>, C4<0>, C4<0>;
v0x555569e9c930_92 .net v0x555569e9c930 92, 7 0, L_0x752d8fe73438; 1 drivers
L_0x752d8fe73480 .functor BUFT 1, C4<01001100>, C4<0>, C4<0>, C4<0>;
v0x555569e9c930_93 .net v0x555569e9c930 93, 7 0, L_0x752d8fe73480; 1 drivers
L_0x752d8fe734c8 .functor BUFT 1, C4<01011000>, C4<0>, C4<0>, C4<0>;
v0x555569e9c930_94 .net v0x555569e9c930 94, 7 0, L_0x752d8fe734c8; 1 drivers
L_0x752d8fe73510 .functor BUFT 1, C4<11001111>, C4<0>, C4<0>, C4<0>;
v0x555569e9c930_95 .net v0x555569e9c930 95, 7 0, L_0x752d8fe73510; 1 drivers
L_0x752d8fe73558 .functor BUFT 1, C4<11010000>, C4<0>, C4<0>, C4<0>;
v0x555569e9c930_96 .net v0x555569e9c930 96, 7 0, L_0x752d8fe73558; 1 drivers
L_0x752d8fe735a0 .functor BUFT 1, C4<11101111>, C4<0>, C4<0>, C4<0>;
v0x555569e9c930_97 .net v0x555569e9c930 97, 7 0, L_0x752d8fe735a0; 1 drivers
L_0x752d8fe735e8 .functor BUFT 1, C4<10101010>, C4<0>, C4<0>, C4<0>;
v0x555569e9c930_98 .net v0x555569e9c930 98, 7 0, L_0x752d8fe735e8; 1 drivers
L_0x752d8fe73630 .functor BUFT 1, C4<11111011>, C4<0>, C4<0>, C4<0>;
v0x555569e9c930_99 .net v0x555569e9c930 99, 7 0, L_0x752d8fe73630; 1 drivers
L_0x752d8fe73678 .functor BUFT 1, C4<01000011>, C4<0>, C4<0>, C4<0>;
v0x555569e9c930_100 .net v0x555569e9c930 100, 7 0, L_0x752d8fe73678; 1 drivers
L_0x752d8fe736c0 .functor BUFT 1, C4<01001101>, C4<0>, C4<0>, C4<0>;
v0x555569e9c930_101 .net v0x555569e9c930 101, 7 0, L_0x752d8fe736c0; 1 drivers
L_0x752d8fe73708 .functor BUFT 1, C4<00110011>, C4<0>, C4<0>, C4<0>;
v0x555569e9c930_102 .net v0x555569e9c930 102, 7 0, L_0x752d8fe73708; 1 drivers
L_0x752d8fe73750 .functor BUFT 1, C4<10000101>, C4<0>, C4<0>, C4<0>;
v0x555569e9c930_103 .net v0x555569e9c930 103, 7 0, L_0x752d8fe73750; 1 drivers
L_0x752d8fe73798 .functor BUFT 1, C4<01000101>, C4<0>, C4<0>, C4<0>;
v0x555569e9c930_104 .net v0x555569e9c930 104, 7 0, L_0x752d8fe73798; 1 drivers
L_0x752d8fe737e0 .functor BUFT 1, C4<11111001>, C4<0>, C4<0>, C4<0>;
v0x555569e9c930_105 .net v0x555569e9c930 105, 7 0, L_0x752d8fe737e0; 1 drivers
L_0x752d8fe73828 .functor BUFT 1, C4<00000010>, C4<0>, C4<0>, C4<0>;
v0x555569e9c930_106 .net v0x555569e9c930 106, 7 0, L_0x752d8fe73828; 1 drivers
L_0x752d8fe73870 .functor BUFT 1, C4<01111111>, C4<0>, C4<0>, C4<0>;
v0x555569e9c930_107 .net v0x555569e9c930 107, 7 0, L_0x752d8fe73870; 1 drivers
L_0x752d8fe738b8 .functor BUFT 1, C4<01010000>, C4<0>, C4<0>, C4<0>;
v0x555569e9c930_108 .net v0x555569e9c930 108, 7 0, L_0x752d8fe738b8; 1 drivers
L_0x752d8fe73900 .functor BUFT 1, C4<00111100>, C4<0>, C4<0>, C4<0>;
v0x555569e9c930_109 .net v0x555569e9c930 109, 7 0, L_0x752d8fe73900; 1 drivers
L_0x752d8fe73948 .functor BUFT 1, C4<10011111>, C4<0>, C4<0>, C4<0>;
v0x555569e9c930_110 .net v0x555569e9c930 110, 7 0, L_0x752d8fe73948; 1 drivers
L_0x752d8fe73990 .functor BUFT 1, C4<10101000>, C4<0>, C4<0>, C4<0>;
v0x555569e9c930_111 .net v0x555569e9c930 111, 7 0, L_0x752d8fe73990; 1 drivers
L_0x752d8fe739d8 .functor BUFT 1, C4<01010001>, C4<0>, C4<0>, C4<0>;
v0x555569e9c930_112 .net v0x555569e9c930 112, 7 0, L_0x752d8fe739d8; 1 drivers
L_0x752d8fe73a20 .functor BUFT 1, C4<10100011>, C4<0>, C4<0>, C4<0>;
v0x555569e9c930_113 .net v0x555569e9c930 113, 7 0, L_0x752d8fe73a20; 1 drivers
L_0x752d8fe73a68 .functor BUFT 1, C4<01000000>, C4<0>, C4<0>, C4<0>;
v0x555569e9c930_114 .net v0x555569e9c930 114, 7 0, L_0x752d8fe73a68; 1 drivers
L_0x752d8fe73ab0 .functor BUFT 1, C4<10001111>, C4<0>, C4<0>, C4<0>;
v0x555569e9c930_115 .net v0x555569e9c930 115, 7 0, L_0x752d8fe73ab0; 1 drivers
L_0x752d8fe73af8 .functor BUFT 1, C4<10010010>, C4<0>, C4<0>, C4<0>;
v0x555569e9c930_116 .net v0x555569e9c930 116, 7 0, L_0x752d8fe73af8; 1 drivers
L_0x752d8fe73b40 .functor BUFT 1, C4<10011101>, C4<0>, C4<0>, C4<0>;
v0x555569e9c930_117 .net v0x555569e9c930 117, 7 0, L_0x752d8fe73b40; 1 drivers
L_0x752d8fe73b88 .functor BUFT 1, C4<00111000>, C4<0>, C4<0>, C4<0>;
v0x555569e9c930_118 .net v0x555569e9c930 118, 7 0, L_0x752d8fe73b88; 1 drivers
L_0x752d8fe73bd0 .functor BUFT 1, C4<11110101>, C4<0>, C4<0>, C4<0>;
v0x555569e9c930_119 .net v0x555569e9c930 119, 7 0, L_0x752d8fe73bd0; 1 drivers
L_0x752d8fe73c18 .functor BUFT 1, C4<10111100>, C4<0>, C4<0>, C4<0>;
v0x555569e9c930_120 .net v0x555569e9c930 120, 7 0, L_0x752d8fe73c18; 1 drivers
L_0x752d8fe73c60 .functor BUFT 1, C4<10110110>, C4<0>, C4<0>, C4<0>;
v0x555569e9c930_121 .net v0x555569e9c930 121, 7 0, L_0x752d8fe73c60; 1 drivers
L_0x752d8fe73ca8 .functor BUFT 1, C4<11011010>, C4<0>, C4<0>, C4<0>;
v0x555569e9c930_122 .net v0x555569e9c930 122, 7 0, L_0x752d8fe73ca8; 1 drivers
L_0x752d8fe73cf0 .functor BUFT 1, C4<00100001>, C4<0>, C4<0>, C4<0>;
v0x555569e9c930_123 .net v0x555569e9c930 123, 7 0, L_0x752d8fe73cf0; 1 drivers
L_0x752d8fe73d38 .functor BUFT 1, C4<00010000>, C4<0>, C4<0>, C4<0>;
v0x555569e9c930_124 .net v0x555569e9c930 124, 7 0, L_0x752d8fe73d38; 1 drivers
L_0x752d8fe73d80 .functor BUFT 1, C4<11111111>, C4<0>, C4<0>, C4<0>;
v0x555569e9c930_125 .net v0x555569e9c930 125, 7 0, L_0x752d8fe73d80; 1 drivers
L_0x752d8fe73dc8 .functor BUFT 1, C4<11110011>, C4<0>, C4<0>, C4<0>;
v0x555569e9c930_126 .net v0x555569e9c930 126, 7 0, L_0x752d8fe73dc8; 1 drivers
L_0x752d8fe73e10 .functor BUFT 1, C4<11010010>, C4<0>, C4<0>, C4<0>;
v0x555569e9c930_127 .net v0x555569e9c930 127, 7 0, L_0x752d8fe73e10; 1 drivers
L_0x752d8fe73e58 .functor BUFT 1, C4<11001101>, C4<0>, C4<0>, C4<0>;
v0x555569e9c930_128 .net v0x555569e9c930 128, 7 0, L_0x752d8fe73e58; 1 drivers
L_0x752d8fe73ea0 .functor BUFT 1, C4<00001100>, C4<0>, C4<0>, C4<0>;
v0x555569e9c930_129 .net v0x555569e9c930 129, 7 0, L_0x752d8fe73ea0; 1 drivers
L_0x752d8fe73ee8 .functor BUFT 1, C4<00010011>, C4<0>, C4<0>, C4<0>;
v0x555569e9c930_130 .net v0x555569e9c930 130, 7 0, L_0x752d8fe73ee8; 1 drivers
L_0x752d8fe73f30 .functor BUFT 1, C4<11101100>, C4<0>, C4<0>, C4<0>;
v0x555569e9c930_131 .net v0x555569e9c930 131, 7 0, L_0x752d8fe73f30; 1 drivers
L_0x752d8fe73f78 .functor BUFT 1, C4<01011111>, C4<0>, C4<0>, C4<0>;
v0x555569e9c930_132 .net v0x555569e9c930 132, 7 0, L_0x752d8fe73f78; 1 drivers
L_0x752d8fe73fc0 .functor BUFT 1, C4<10010111>, C4<0>, C4<0>, C4<0>;
v0x555569e9c930_133 .net v0x555569e9c930 133, 7 0, L_0x752d8fe73fc0; 1 drivers
L_0x752d8fe74008 .functor BUFT 1, C4<01000100>, C4<0>, C4<0>, C4<0>;
v0x555569e9c930_134 .net v0x555569e9c930 134, 7 0, L_0x752d8fe74008; 1 drivers
L_0x752d8fe74050 .functor BUFT 1, C4<00010111>, C4<0>, C4<0>, C4<0>;
v0x555569e9c930_135 .net v0x555569e9c930 135, 7 0, L_0x752d8fe74050; 1 drivers
L_0x752d8fe74098 .functor BUFT 1, C4<11000100>, C4<0>, C4<0>, C4<0>;
v0x555569e9c930_136 .net v0x555569e9c930 136, 7 0, L_0x752d8fe74098; 1 drivers
L_0x752d8fe740e0 .functor BUFT 1, C4<10100111>, C4<0>, C4<0>, C4<0>;
v0x555569e9c930_137 .net v0x555569e9c930 137, 7 0, L_0x752d8fe740e0; 1 drivers
L_0x752d8fe74128 .functor BUFT 1, C4<01111110>, C4<0>, C4<0>, C4<0>;
v0x555569e9c930_138 .net v0x555569e9c930 138, 7 0, L_0x752d8fe74128; 1 drivers
L_0x752d8fe74170 .functor BUFT 1, C4<00111101>, C4<0>, C4<0>, C4<0>;
v0x555569e9c930_139 .net v0x555569e9c930 139, 7 0, L_0x752d8fe74170; 1 drivers
L_0x752d8fe741b8 .functor BUFT 1, C4<01100100>, C4<0>, C4<0>, C4<0>;
v0x555569e9c930_140 .net v0x555569e9c930 140, 7 0, L_0x752d8fe741b8; 1 drivers
L_0x752d8fe74200 .functor BUFT 1, C4<01011101>, C4<0>, C4<0>, C4<0>;
v0x555569e9c930_141 .net v0x555569e9c930 141, 7 0, L_0x752d8fe74200; 1 drivers
L_0x752d8fe74248 .functor BUFT 1, C4<00011001>, C4<0>, C4<0>, C4<0>;
v0x555569e9c930_142 .net v0x555569e9c930 142, 7 0, L_0x752d8fe74248; 1 drivers
L_0x752d8fe74290 .functor BUFT 1, C4<01110011>, C4<0>, C4<0>, C4<0>;
v0x555569e9c930_143 .net v0x555569e9c930 143, 7 0, L_0x752d8fe74290; 1 drivers
L_0x752d8fe742d8 .functor BUFT 1, C4<01100000>, C4<0>, C4<0>, C4<0>;
v0x555569e9c930_144 .net v0x555569e9c930 144, 7 0, L_0x752d8fe742d8; 1 drivers
L_0x752d8fe74320 .functor BUFT 1, C4<10000001>, C4<0>, C4<0>, C4<0>;
v0x555569e9c930_145 .net v0x555569e9c930 145, 7 0, L_0x752d8fe74320; 1 drivers
L_0x752d8fe74368 .functor BUFT 1, C4<01001111>, C4<0>, C4<0>, C4<0>;
v0x555569e9c930_146 .net v0x555569e9c930 146, 7 0, L_0x752d8fe74368; 1 drivers
L_0x752d8fe743b0 .functor BUFT 1, C4<11011100>, C4<0>, C4<0>, C4<0>;
v0x555569e9c930_147 .net v0x555569e9c930 147, 7 0, L_0x752d8fe743b0; 1 drivers
L_0x752d8fe743f8 .functor BUFT 1, C4<00100010>, C4<0>, C4<0>, C4<0>;
v0x555569e9c930_148 .net v0x555569e9c930 148, 7 0, L_0x752d8fe743f8; 1 drivers
L_0x752d8fe74440 .functor BUFT 1, C4<00101010>, C4<0>, C4<0>, C4<0>;
v0x555569e9c930_149 .net v0x555569e9c930 149, 7 0, L_0x752d8fe74440; 1 drivers
L_0x752d8fe74488 .functor BUFT 1, C4<10010000>, C4<0>, C4<0>, C4<0>;
v0x555569e9c930_150 .net v0x555569e9c930 150, 7 0, L_0x752d8fe74488; 1 drivers
L_0x752d8fe744d0 .functor BUFT 1, C4<10001000>, C4<0>, C4<0>, C4<0>;
v0x555569e9c930_151 .net v0x555569e9c930 151, 7 0, L_0x752d8fe744d0; 1 drivers
L_0x752d8fe74518 .functor BUFT 1, C4<01000110>, C4<0>, C4<0>, C4<0>;
v0x555569e9c930_152 .net v0x555569e9c930 152, 7 0, L_0x752d8fe74518; 1 drivers
L_0x752d8fe74560 .functor BUFT 1, C4<11101110>, C4<0>, C4<0>, C4<0>;
v0x555569e9c930_153 .net v0x555569e9c930 153, 7 0, L_0x752d8fe74560; 1 drivers
L_0x752d8fe745a8 .functor BUFT 1, C4<10111000>, C4<0>, C4<0>, C4<0>;
v0x555569e9c930_154 .net v0x555569e9c930 154, 7 0, L_0x752d8fe745a8; 1 drivers
L_0x752d8fe745f0 .functor BUFT 1, C4<00010100>, C4<0>, C4<0>, C4<0>;
v0x555569e9c930_155 .net v0x555569e9c930 155, 7 0, L_0x752d8fe745f0; 1 drivers
L_0x752d8fe74638 .functor BUFT 1, C4<11011110>, C4<0>, C4<0>, C4<0>;
v0x555569e9c930_156 .net v0x555569e9c930 156, 7 0, L_0x752d8fe74638; 1 drivers
L_0x752d8fe74680 .functor BUFT 1, C4<01011110>, C4<0>, C4<0>, C4<0>;
v0x555569e9c930_157 .net v0x555569e9c930 157, 7 0, L_0x752d8fe74680; 1 drivers
L_0x752d8fe746c8 .functor BUFT 1, C4<00001011>, C4<0>, C4<0>, C4<0>;
v0x555569e9c930_158 .net v0x555569e9c930 158, 7 0, L_0x752d8fe746c8; 1 drivers
L_0x752d8fe74710 .functor BUFT 1, C4<11011011>, C4<0>, C4<0>, C4<0>;
v0x555569e9c930_159 .net v0x555569e9c930 159, 7 0, L_0x752d8fe74710; 1 drivers
L_0x752d8fe74758 .functor BUFT 1, C4<11100000>, C4<0>, C4<0>, C4<0>;
v0x555569e9c930_160 .net v0x555569e9c930 160, 7 0, L_0x752d8fe74758; 1 drivers
L_0x752d8fe747a0 .functor BUFT 1, C4<00110010>, C4<0>, C4<0>, C4<0>;
v0x555569e9c930_161 .net v0x555569e9c930 161, 7 0, L_0x752d8fe747a0; 1 drivers
L_0x752d8fe747e8 .functor BUFT 1, C4<00111010>, C4<0>, C4<0>, C4<0>;
v0x555569e9c930_162 .net v0x555569e9c930 162, 7 0, L_0x752d8fe747e8; 1 drivers
L_0x752d8fe74830 .functor BUFT 1, C4<00001010>, C4<0>, C4<0>, C4<0>;
v0x555569e9c930_163 .net v0x555569e9c930 163, 7 0, L_0x752d8fe74830; 1 drivers
L_0x752d8fe74878 .functor BUFT 1, C4<01001001>, C4<0>, C4<0>, C4<0>;
v0x555569e9c930_164 .net v0x555569e9c930 164, 7 0, L_0x752d8fe74878; 1 drivers
L_0x752d8fe748c0 .functor BUFT 1, C4<00000110>, C4<0>, C4<0>, C4<0>;
v0x555569e9c930_165 .net v0x555569e9c930 165, 7 0, L_0x752d8fe748c0; 1 drivers
L_0x752d8fe74908 .functor BUFT 1, C4<00100100>, C4<0>, C4<0>, C4<0>;
v0x555569e9c930_166 .net v0x555569e9c930 166, 7 0, L_0x752d8fe74908; 1 drivers
L_0x752d8fe74950 .functor BUFT 1, C4<01011100>, C4<0>, C4<0>, C4<0>;
v0x555569e9c930_167 .net v0x555569e9c930 167, 7 0, L_0x752d8fe74950; 1 drivers
L_0x752d8fe74998 .functor BUFT 1, C4<11000010>, C4<0>, C4<0>, C4<0>;
v0x555569e9c930_168 .net v0x555569e9c930 168, 7 0, L_0x752d8fe74998; 1 drivers
L_0x752d8fe749e0 .functor BUFT 1, C4<11010011>, C4<0>, C4<0>, C4<0>;
v0x555569e9c930_169 .net v0x555569e9c930 169, 7 0, L_0x752d8fe749e0; 1 drivers
L_0x752d8fe74a28 .functor BUFT 1, C4<10101100>, C4<0>, C4<0>, C4<0>;
v0x555569e9c930_170 .net v0x555569e9c930 170, 7 0, L_0x752d8fe74a28; 1 drivers
L_0x752d8fe74a70 .functor BUFT 1, C4<01100010>, C4<0>, C4<0>, C4<0>;
v0x555569e9c930_171 .net v0x555569e9c930 171, 7 0, L_0x752d8fe74a70; 1 drivers
L_0x752d8fe74ab8 .functor BUFT 1, C4<10010001>, C4<0>, C4<0>, C4<0>;
v0x555569e9c930_172 .net v0x555569e9c930 172, 7 0, L_0x752d8fe74ab8; 1 drivers
L_0x752d8fe74b00 .functor BUFT 1, C4<10010101>, C4<0>, C4<0>, C4<0>;
v0x555569e9c930_173 .net v0x555569e9c930 173, 7 0, L_0x752d8fe74b00; 1 drivers
L_0x752d8fe74b48 .functor BUFT 1, C4<11100100>, C4<0>, C4<0>, C4<0>;
v0x555569e9c930_174 .net v0x555569e9c930 174, 7 0, L_0x752d8fe74b48; 1 drivers
L_0x752d8fe74b90 .functor BUFT 1, C4<01111001>, C4<0>, C4<0>, C4<0>;
v0x555569e9c930_175 .net v0x555569e9c930 175, 7 0, L_0x752d8fe74b90; 1 drivers
L_0x752d8fe74bd8 .functor BUFT 1, C4<11100111>, C4<0>, C4<0>, C4<0>;
v0x555569e9c930_176 .net v0x555569e9c930 176, 7 0, L_0x752d8fe74bd8; 1 drivers
L_0x752d8fe74c20 .functor BUFT 1, C4<11001000>, C4<0>, C4<0>, C4<0>;
v0x555569e9c930_177 .net v0x555569e9c930 177, 7 0, L_0x752d8fe74c20; 1 drivers
L_0x752d8fe74c68 .functor BUFT 1, C4<00110111>, C4<0>, C4<0>, C4<0>;
v0x555569e9c930_178 .net v0x555569e9c930 178, 7 0, L_0x752d8fe74c68; 1 drivers
L_0x752d8fe74cb0 .functor BUFT 1, C4<01101101>, C4<0>, C4<0>, C4<0>;
v0x555569e9c930_179 .net v0x555569e9c930 179, 7 0, L_0x752d8fe74cb0; 1 drivers
L_0x752d8fe74cf8 .functor BUFT 1, C4<10001101>, C4<0>, C4<0>, C4<0>;
v0x555569e9c930_180 .net v0x555569e9c930 180, 7 0, L_0x752d8fe74cf8; 1 drivers
L_0x752d8fe74d40 .functor BUFT 1, C4<11010101>, C4<0>, C4<0>, C4<0>;
v0x555569e9c930_181 .net v0x555569e9c930 181, 7 0, L_0x752d8fe74d40; 1 drivers
L_0x752d8fe74d88 .functor BUFT 1, C4<01001110>, C4<0>, C4<0>, C4<0>;
v0x555569e9c930_182 .net v0x555569e9c930 182, 7 0, L_0x752d8fe74d88; 1 drivers
L_0x752d8fe74dd0 .functor BUFT 1, C4<10101001>, C4<0>, C4<0>, C4<0>;
v0x555569e9c930_183 .net v0x555569e9c930 183, 7 0, L_0x752d8fe74dd0; 1 drivers
L_0x752d8fe74e18 .functor BUFT 1, C4<01101100>, C4<0>, C4<0>, C4<0>;
v0x555569e9c930_184 .net v0x555569e9c930 184, 7 0, L_0x752d8fe74e18; 1 drivers
L_0x752d8fe74e60 .functor BUFT 1, C4<01010110>, C4<0>, C4<0>, C4<0>;
v0x555569e9c930_185 .net v0x555569e9c930 185, 7 0, L_0x752d8fe74e60; 1 drivers
L_0x752d8fe74ea8 .functor BUFT 1, C4<11110100>, C4<0>, C4<0>, C4<0>;
v0x555569e9c930_186 .net v0x555569e9c930 186, 7 0, L_0x752d8fe74ea8; 1 drivers
L_0x752d8fe74ef0 .functor BUFT 1, C4<11101010>, C4<0>, C4<0>, C4<0>;
v0x555569e9c930_187 .net v0x555569e9c930 187, 7 0, L_0x752d8fe74ef0; 1 drivers
L_0x752d8fe74f38 .functor BUFT 1, C4<01100101>, C4<0>, C4<0>, C4<0>;
v0x555569e9c930_188 .net v0x555569e9c930 188, 7 0, L_0x752d8fe74f38; 1 drivers
L_0x752d8fe74f80 .functor BUFT 1, C4<01111010>, C4<0>, C4<0>, C4<0>;
v0x555569e9c930_189 .net v0x555569e9c930 189, 7 0, L_0x752d8fe74f80; 1 drivers
L_0x752d8fe74fc8 .functor BUFT 1, C4<10101110>, C4<0>, C4<0>, C4<0>;
v0x555569e9c930_190 .net v0x555569e9c930 190, 7 0, L_0x752d8fe74fc8; 1 drivers
L_0x752d8fe75010 .functor BUFT 1, C4<00001000>, C4<0>, C4<0>, C4<0>;
v0x555569e9c930_191 .net v0x555569e9c930 191, 7 0, L_0x752d8fe75010; 1 drivers
L_0x752d8fe75058 .functor BUFT 1, C4<10111010>, C4<0>, C4<0>, C4<0>;
v0x555569e9c930_192 .net v0x555569e9c930 192, 7 0, L_0x752d8fe75058; 1 drivers
L_0x752d8fe750a0 .functor BUFT 1, C4<01111000>, C4<0>, C4<0>, C4<0>;
v0x555569e9c930_193 .net v0x555569e9c930 193, 7 0, L_0x752d8fe750a0; 1 drivers
L_0x752d8fe750e8 .functor BUFT 1, C4<00100101>, C4<0>, C4<0>, C4<0>;
v0x555569e9c930_194 .net v0x555569e9c930 194, 7 0, L_0x752d8fe750e8; 1 drivers
L_0x752d8fe75130 .functor BUFT 1, C4<00101110>, C4<0>, C4<0>, C4<0>;
v0x555569e9c930_195 .net v0x555569e9c930 195, 7 0, L_0x752d8fe75130; 1 drivers
L_0x752d8fe75178 .functor BUFT 1, C4<00011100>, C4<0>, C4<0>, C4<0>;
v0x555569e9c930_196 .net v0x555569e9c930 196, 7 0, L_0x752d8fe75178; 1 drivers
L_0x752d8fe751c0 .functor BUFT 1, C4<10100110>, C4<0>, C4<0>, C4<0>;
v0x555569e9c930_197 .net v0x555569e9c930 197, 7 0, L_0x752d8fe751c0; 1 drivers
L_0x752d8fe75208 .functor BUFT 1, C4<10110100>, C4<0>, C4<0>, C4<0>;
v0x555569e9c930_198 .net v0x555569e9c930 198, 7 0, L_0x752d8fe75208; 1 drivers
L_0x752d8fe75250 .functor BUFT 1, C4<11000110>, C4<0>, C4<0>, C4<0>;
v0x555569e9c930_199 .net v0x555569e9c930 199, 7 0, L_0x752d8fe75250; 1 drivers
L_0x752d8fe75298 .functor BUFT 1, C4<11101000>, C4<0>, C4<0>, C4<0>;
v0x555569e9c930_200 .net v0x555569e9c930 200, 7 0, L_0x752d8fe75298; 1 drivers
L_0x752d8fe752e0 .functor BUFT 1, C4<11011101>, C4<0>, C4<0>, C4<0>;
v0x555569e9c930_201 .net v0x555569e9c930 201, 7 0, L_0x752d8fe752e0; 1 drivers
L_0x752d8fe75328 .functor BUFT 1, C4<01110100>, C4<0>, C4<0>, C4<0>;
v0x555569e9c930_202 .net v0x555569e9c930 202, 7 0, L_0x752d8fe75328; 1 drivers
L_0x752d8fe75370 .functor BUFT 1, C4<00011111>, C4<0>, C4<0>, C4<0>;
v0x555569e9c930_203 .net v0x555569e9c930 203, 7 0, L_0x752d8fe75370; 1 drivers
L_0x752d8fe753b8 .functor BUFT 1, C4<01001011>, C4<0>, C4<0>, C4<0>;
v0x555569e9c930_204 .net v0x555569e9c930 204, 7 0, L_0x752d8fe753b8; 1 drivers
L_0x752d8fe75400 .functor BUFT 1, C4<10111101>, C4<0>, C4<0>, C4<0>;
v0x555569e9c930_205 .net v0x555569e9c930 205, 7 0, L_0x752d8fe75400; 1 drivers
L_0x752d8fe75448 .functor BUFT 1, C4<10001011>, C4<0>, C4<0>, C4<0>;
v0x555569e9c930_206 .net v0x555569e9c930 206, 7 0, L_0x752d8fe75448; 1 drivers
L_0x752d8fe75490 .functor BUFT 1, C4<10001010>, C4<0>, C4<0>, C4<0>;
v0x555569e9c930_207 .net v0x555569e9c930 207, 7 0, L_0x752d8fe75490; 1 drivers
L_0x752d8fe754d8 .functor BUFT 1, C4<01110000>, C4<0>, C4<0>, C4<0>;
v0x555569e9c930_208 .net v0x555569e9c930 208, 7 0, L_0x752d8fe754d8; 1 drivers
L_0x752d8fe75520 .functor BUFT 1, C4<00111110>, C4<0>, C4<0>, C4<0>;
v0x555569e9c930_209 .net v0x555569e9c930 209, 7 0, L_0x752d8fe75520; 1 drivers
L_0x752d8fe75568 .functor BUFT 1, C4<10110101>, C4<0>, C4<0>, C4<0>;
v0x555569e9c930_210 .net v0x555569e9c930 210, 7 0, L_0x752d8fe75568; 1 drivers
L_0x752d8fe755b0 .functor BUFT 1, C4<01100110>, C4<0>, C4<0>, C4<0>;
v0x555569e9c930_211 .net v0x555569e9c930 211, 7 0, L_0x752d8fe755b0; 1 drivers
L_0x752d8fe755f8 .functor BUFT 1, C4<01001000>, C4<0>, C4<0>, C4<0>;
v0x555569e9c930_212 .net v0x555569e9c930 212, 7 0, L_0x752d8fe755f8; 1 drivers
L_0x752d8fe75640 .functor BUFT 1, C4<00000011>, C4<0>, C4<0>, C4<0>;
v0x555569e9c930_213 .net v0x555569e9c930 213, 7 0, L_0x752d8fe75640; 1 drivers
L_0x752d8fe75688 .functor BUFT 1, C4<11110110>, C4<0>, C4<0>, C4<0>;
v0x555569e9c930_214 .net v0x555569e9c930 214, 7 0, L_0x752d8fe75688; 1 drivers
L_0x752d8fe756d0 .functor BUFT 1, C4<00001110>, C4<0>, C4<0>, C4<0>;
v0x555569e9c930_215 .net v0x555569e9c930 215, 7 0, L_0x752d8fe756d0; 1 drivers
L_0x752d8fe75718 .functor BUFT 1, C4<01100001>, C4<0>, C4<0>, C4<0>;
v0x555569e9c930_216 .net v0x555569e9c930 216, 7 0, L_0x752d8fe75718; 1 drivers
L_0x752d8fe75760 .functor BUFT 1, C4<00110101>, C4<0>, C4<0>, C4<0>;
v0x555569e9c930_217 .net v0x555569e9c930 217, 7 0, L_0x752d8fe75760; 1 drivers
L_0x752d8fe757a8 .functor BUFT 1, C4<01010111>, C4<0>, C4<0>, C4<0>;
v0x555569e9c930_218 .net v0x555569e9c930 218, 7 0, L_0x752d8fe757a8; 1 drivers
L_0x752d8fe757f0 .functor BUFT 1, C4<10111001>, C4<0>, C4<0>, C4<0>;
v0x555569e9c930_219 .net v0x555569e9c930 219, 7 0, L_0x752d8fe757f0; 1 drivers
L_0x752d8fe75838 .functor BUFT 1, C4<10000110>, C4<0>, C4<0>, C4<0>;
v0x555569e9c930_220 .net v0x555569e9c930 220, 7 0, L_0x752d8fe75838; 1 drivers
L_0x752d8fe75880 .functor BUFT 1, C4<11000001>, C4<0>, C4<0>, C4<0>;
v0x555569e9c930_221 .net v0x555569e9c930 221, 7 0, L_0x752d8fe75880; 1 drivers
L_0x752d8fe758c8 .functor BUFT 1, C4<00011101>, C4<0>, C4<0>, C4<0>;
v0x555569e9c930_222 .net v0x555569e9c930 222, 7 0, L_0x752d8fe758c8; 1 drivers
L_0x752d8fe75910 .functor BUFT 1, C4<10011110>, C4<0>, C4<0>, C4<0>;
v0x555569e9c930_223 .net v0x555569e9c930 223, 7 0, L_0x752d8fe75910; 1 drivers
L_0x752d8fe75958 .functor BUFT 1, C4<11100001>, C4<0>, C4<0>, C4<0>;
v0x555569e9c930_224 .net v0x555569e9c930 224, 7 0, L_0x752d8fe75958; 1 drivers
L_0x752d8fe759a0 .functor BUFT 1, C4<11111000>, C4<0>, C4<0>, C4<0>;
v0x555569e9c930_225 .net v0x555569e9c930 225, 7 0, L_0x752d8fe759a0; 1 drivers
L_0x752d8fe759e8 .functor BUFT 1, C4<10011000>, C4<0>, C4<0>, C4<0>;
v0x555569e9c930_226 .net v0x555569e9c930 226, 7 0, L_0x752d8fe759e8; 1 drivers
L_0x752d8fe75a30 .functor BUFT 1, C4<00010001>, C4<0>, C4<0>, C4<0>;
v0x555569e9c930_227 .net v0x555569e9c930 227, 7 0, L_0x752d8fe75a30; 1 drivers
L_0x752d8fe75a78 .functor BUFT 1, C4<01101001>, C4<0>, C4<0>, C4<0>;
v0x555569e9c930_228 .net v0x555569e9c930 228, 7 0, L_0x752d8fe75a78; 1 drivers
L_0x752d8fe75ac0 .functor BUFT 1, C4<11011001>, C4<0>, C4<0>, C4<0>;
v0x555569e9c930_229 .net v0x555569e9c930 229, 7 0, L_0x752d8fe75ac0; 1 drivers
L_0x752d8fe75b08 .functor BUFT 1, C4<10001110>, C4<0>, C4<0>, C4<0>;
v0x555569e9c930_230 .net v0x555569e9c930 230, 7 0, L_0x752d8fe75b08; 1 drivers
L_0x752d8fe75b50 .functor BUFT 1, C4<10010100>, C4<0>, C4<0>, C4<0>;
v0x555569e9c930_231 .net v0x555569e9c930 231, 7 0, L_0x752d8fe75b50; 1 drivers
L_0x752d8fe75b98 .functor BUFT 1, C4<10011011>, C4<0>, C4<0>, C4<0>;
v0x555569e9c930_232 .net v0x555569e9c930 232, 7 0, L_0x752d8fe75b98; 1 drivers
L_0x752d8fe75be0 .functor BUFT 1, C4<00011110>, C4<0>, C4<0>, C4<0>;
v0x555569e9c930_233 .net v0x555569e9c930 233, 7 0, L_0x752d8fe75be0; 1 drivers
L_0x752d8fe75c28 .functor BUFT 1, C4<10000111>, C4<0>, C4<0>, C4<0>;
v0x555569e9c930_234 .net v0x555569e9c930 234, 7 0, L_0x752d8fe75c28; 1 drivers
L_0x752d8fe75c70 .functor BUFT 1, C4<11101001>, C4<0>, C4<0>, C4<0>;
v0x555569e9c930_235 .net v0x555569e9c930 235, 7 0, L_0x752d8fe75c70; 1 drivers
L_0x752d8fe75cb8 .functor BUFT 1, C4<11001110>, C4<0>, C4<0>, C4<0>;
v0x555569e9c930_236 .net v0x555569e9c930 236, 7 0, L_0x752d8fe75cb8; 1 drivers
L_0x752d8fe75d00 .functor BUFT 1, C4<01010101>, C4<0>, C4<0>, C4<0>;
v0x555569e9c930_237 .net v0x555569e9c930 237, 7 0, L_0x752d8fe75d00; 1 drivers
L_0x752d8fe75d48 .functor BUFT 1, C4<00101000>, C4<0>, C4<0>, C4<0>;
v0x555569e9c930_238 .net v0x555569e9c930 238, 7 0, L_0x752d8fe75d48; 1 drivers
L_0x752d8fe75d90 .functor BUFT 1, C4<11011111>, C4<0>, C4<0>, C4<0>;
v0x555569e9c930_239 .net v0x555569e9c930 239, 7 0, L_0x752d8fe75d90; 1 drivers
L_0x752d8fe75dd8 .functor BUFT 1, C4<10001100>, C4<0>, C4<0>, C4<0>;
v0x555569e9c930_240 .net v0x555569e9c930 240, 7 0, L_0x752d8fe75dd8; 1 drivers
L_0x752d8fe75e20 .functor BUFT 1, C4<10100001>, C4<0>, C4<0>, C4<0>;
v0x555569e9c930_241 .net v0x555569e9c930 241, 7 0, L_0x752d8fe75e20; 1 drivers
L_0x752d8fe75e68 .functor BUFT 1, C4<10001001>, C4<0>, C4<0>, C4<0>;
v0x555569e9c930_242 .net v0x555569e9c930 242, 7 0, L_0x752d8fe75e68; 1 drivers
L_0x752d8fe75eb0 .functor BUFT 1, C4<00001101>, C4<0>, C4<0>, C4<0>;
v0x555569e9c930_243 .net v0x555569e9c930 243, 7 0, L_0x752d8fe75eb0; 1 drivers
L_0x752d8fe75ef8 .functor BUFT 1, C4<10111111>, C4<0>, C4<0>, C4<0>;
v0x555569e9c930_244 .net v0x555569e9c930 244, 7 0, L_0x752d8fe75ef8; 1 drivers
L_0x752d8fe75f40 .functor BUFT 1, C4<11100110>, C4<0>, C4<0>, C4<0>;
v0x555569e9c930_245 .net v0x555569e9c930 245, 7 0, L_0x752d8fe75f40; 1 drivers
L_0x752d8fe75f88 .functor BUFT 1, C4<01000010>, C4<0>, C4<0>, C4<0>;
v0x555569e9c930_246 .net v0x555569e9c930 246, 7 0, L_0x752d8fe75f88; 1 drivers
L_0x752d8fe75fd0 .functor BUFT 1, C4<01101000>, C4<0>, C4<0>, C4<0>;
v0x555569e9c930_247 .net v0x555569e9c930 247, 7 0, L_0x752d8fe75fd0; 1 drivers
L_0x752d8fe76018 .functor BUFT 1, C4<01000001>, C4<0>, C4<0>, C4<0>;
v0x555569e9c930_248 .net v0x555569e9c930 248, 7 0, L_0x752d8fe76018; 1 drivers
L_0x752d8fe76060 .functor BUFT 1, C4<10011001>, C4<0>, C4<0>, C4<0>;
v0x555569e9c930_249 .net v0x555569e9c930 249, 7 0, L_0x752d8fe76060; 1 drivers
L_0x752d8fe760a8 .functor BUFT 1, C4<00101101>, C4<0>, C4<0>, C4<0>;
v0x555569e9c930_250 .net v0x555569e9c930 250, 7 0, L_0x752d8fe760a8; 1 drivers
L_0x752d8fe760f0 .functor BUFT 1, C4<00001111>, C4<0>, C4<0>, C4<0>;
v0x555569e9c930_251 .net v0x555569e9c930 251, 7 0, L_0x752d8fe760f0; 1 drivers
L_0x752d8fe76138 .functor BUFT 1, C4<10110000>, C4<0>, C4<0>, C4<0>;
v0x555569e9c930_252 .net v0x555569e9c930 252, 7 0, L_0x752d8fe76138; 1 drivers
L_0x752d8fe76180 .functor BUFT 1, C4<01010100>, C4<0>, C4<0>, C4<0>;
v0x555569e9c930_253 .net v0x555569e9c930 253, 7 0, L_0x752d8fe76180; 1 drivers
L_0x752d8fe761c8 .functor BUFT 1, C4<10111011>, C4<0>, C4<0>, C4<0>;
v0x555569e9c930_254 .net v0x555569e9c930 254, 7 0, L_0x752d8fe761c8; 1 drivers
L_0x752d8fe76210 .functor BUFT 1, C4<00010110>, C4<0>, C4<0>, C4<0>;
v0x555569e9c930_255 .net v0x555569e9c930 255, 7 0, L_0x752d8fe76210; 1 drivers
v0x555569e98d90_0 .net "sboxw", 31 0, v0x555569e94dd0_0;  1 drivers
L_0x555569ef05c0 .array/port v0x555569e9c930, L_0x555569ef0df0;
L_0x555569ef09b0 .part v0x555569e94dd0_0, 24, 8;
L_0x555569ef0df0 .concat [ 8 2 0 0], L_0x555569ef09b0, L_0x752d8fe71938;
L_0x555569ef1670 .array/port v0x555569e9c930, L_0x555569ef1ab0;
L_0x555569ef1710 .part v0x555569e94dd0_0, 16, 8;
L_0x555569ef1ab0 .concat [ 8 2 0 0], L_0x555569ef1710, L_0x752d8fe71980;
L_0x555569ef2380 .array/port v0x555569e9c930, L_0x555569e7d730;
L_0x555569e7db70 .part v0x555569e94dd0_0, 8, 8;
L_0x555569e7d730 .concat [ 8 2 0 0], L_0x555569e7db70, L_0x752d8fe719c8;
L_0x555569e7d3b0 .concat8 [ 8 8 8 8], L_0x555569e7c290, L_0x555569e7d2f0, L_0x555569ef1f80, L_0x555569ef1280;
L_0x555569e7cad0 .array/port v0x555569e9c930, L_0x555569e7c6d0;
L_0x555569e7c630 .part v0x555569e94dd0_0, 0, 8;
L_0x555569e7c6d0 .concat [ 8 2 0 0], L_0x555569e7c630, L_0x752d8fe71a10;
S_0x555569f17bc0 .scope begin, "sbox_mux" "sbox_mux" 5 219, 5 219 0, S_0x555569ea0cd0;
 .timescale 0 0;
S_0x555569f17f60 .scope begin, "reg_update" "reg_update" 4 173, 4 173 0, S_0x555569e45680;
 .timescale 0 0;
v0x555569e92bf0_0 .var/i "i", 31 0;
S_0x555569f180f0 .scope task, "ecb_mode_single_block_test" "ecb_mode_single_block_test" 3 368, 3 368 0, S_0x555569e3f530;
 .timescale 0 0;
v0x555569e8d630_0 .var "block", 127 0;
v0x555569e8d1f0_0 .var "encdec", 0 0;
v0x555569e8d2b0_0 .var "expected", 127 0;
v0x555569e8cdb0_0 .var "key", 255 0;
v0x555569e8c970_0 .var "key_length", 0 0;
v0x555569e8c530_0 .var "tc_number", 7 0;
TD_tb_aes.ecb_mode_single_block_test ;
    %vpi_call/w 3 375 "$display", "*** TC %0d ECB mode test started.", v0x555569e8c530_0 {0 0 0};
    %load/vec4 v0x555569e88df0_0;
    %addi 1, 0, 32;
    %store/vec4 v0x555569e88df0_0, 0, 32;
    %load/vec4 v0x555569e8cdb0_0;
    %store/vec4 v0x555569e8c0f0_0, 0, 256;
    %load/vec4 v0x555569e8c970_0;
    %store/vec4 v0x555569e8bcb0_0, 0, 1;
    %fork TD_tb_aes.init_key, S_0x555569f18280;
    %join;
    %load/vec4 v0x555569e8d630_0;
    %store/vec4 v0x555569e8b910_0, 0, 128;
    %fork TD_tb_aes.write_block, S_0x555569f18d70;
    %join;
    %fork TD_tb_aes.dump_dut_state, S_0x555569e46080;
    %join;
    %pushi/vec4 10, 0, 12;
    %store/vec4 v0x555569e8b480_0, 0, 12;
    %pushi/vec4 0, 0, 32;
    %load/vec4 v0x555569e8c970_0;
    %pad/u 32;
    %ix/load 4, 1, 0;
    %flag_set/imm 4, 0;
    %shiftl 4;
    %add;
    %load/vec4 v0x555569e8d1f0_0;
    %pad/u 32;
    %add;
    %store/vec4 v0x555569e8aff0_0, 0, 32;
    %fork TD_tb_aes.write_word, S_0x555569f18f00;
    %join;
    %pushi/vec4 8, 0, 12;
    %store/vec4 v0x555569e8b480_0, 0, 12;
    %pushi/vec4 2, 0, 32;
    %store/vec4 v0x555569e8aff0_0, 0, 32;
    %fork TD_tb_aes.write_word, S_0x555569f18f00;
    %join;
    %delay 200, 0;
    %fork TD_tb_aes.read_result, S_0x555569f18730;
    %join;
    %load/vec4 v0x555569e8a3f0_0;
    %load/vec4 v0x555569e8d2b0_0;
    %cmp/e;
    %jmp/0xz  T_21.2, 4;
    %vpi_call/w 3 391 "$display", "*** TC %0d successful.", v0x555569e8c530_0 {0 0 0};
    %vpi_call/w 3 392 "$display", "\000" {0 0 0};
    %jmp T_21.3;
T_21.2 ;
    %vpi_call/w 3 396 "$display", "*** ERROR: TC %0d NOT successful.", v0x555569e8c530_0 {0 0 0};
    %vpi_call/w 3 397 "$display", "Expected: 0x%032x", v0x555569e8d2b0_0 {0 0 0};
    %vpi_call/w 3 398 "$display", "Got:      0x%032x", v0x555569e8a3f0_0 {0 0 0};
    %vpi_call/w 3 399 "$display", "\000" {0 0 0};
    %load/vec4 v0x555569e8a770_0;
    %addi 1, 0, 32;
    %store/vec4 v0x555569e8a770_0, 0, 32;
T_21.3 ;
    %end;
S_0x555569f18280 .scope task, "init_key" "init_key" 3 330, 3 330 0, S_0x555569e3f530;
 .timescale 0 0;
v0x555569e8c0f0_0 .var "key", 255 0;
v0x555569e8bcb0_0 .var "key_length", 0 0;
TD_tb_aes.init_key ;
    %pushi/vec4 16, 0, 12;
    %store/vec4 v0x555569e8b480_0, 0, 12;
    %load/vec4 v0x555569e8c0f0_0;
    %parti/s 32, 224, 9;
    %store/vec4 v0x555569e8aff0_0, 0, 32;
    %fork TD_tb_aes.write_word, S_0x555569f18f00;
    %join;
    %pushi/vec4 17, 0, 12;
    %store/vec4 v0x555569e8b480_0, 0, 12;
    %load/vec4 v0x555569e8c0f0_0;
    %parti/s 32, 192, 9;
    %store/vec4 v0x555569e8aff0_0, 0, 32;
    %fork TD_tb_aes.write_word, S_0x555569f18f00;
    %join;
    %pushi/vec4 18, 0, 12;
    %store/vec4 v0x555569e8b480_0, 0, 12;
    %load/vec4 v0x555569e8c0f0_0;
    %parti/s 32, 160, 9;
    %store/vec4 v0x555569e8aff0_0, 0, 32;
    %fork TD_tb_aes.write_word, S_0x555569f18f00;
    %join;
    %pushi/vec4 19, 0, 12;
    %store/vec4 v0x555569e8b480_0, 0, 12;
    %load/vec4 v0x555569e8c0f0_0;
    %parti/s 32, 128, 9;
    %store/vec4 v0x555569e8aff0_0, 0, 32;
    %fork TD_tb_aes.write_word, S_0x555569f18f00;
    %join;
    %pushi/vec4 20, 0, 12;
    %store/vec4 v0x555569e8b480_0, 0, 12;
    %load/vec4 v0x555569e8c0f0_0;
    %parti/s 32, 96, 8;
    %store/vec4 v0x555569e8aff0_0, 0, 32;
    %fork TD_tb_aes.write_word, S_0x555569f18f00;
    %join;
    %pushi/vec4 21, 0, 12;
    %store/vec4 v0x555569e8b480_0, 0, 12;
    %load/vec4 v0x555569e8c0f0_0;
    %parti/s 32, 64, 8;
    %store/vec4 v0x555569e8aff0_0, 0, 32;
    %fork TD_tb_aes.write_word, S_0x555569f18f00;
    %join;
    %pushi/vec4 22, 0, 12;
    %store/vec4 v0x555569e8b480_0, 0, 12;
    %load/vec4 v0x555569e8c0f0_0;
    %parti/s 32, 32, 7;
    %store/vec4 v0x555569e8aff0_0, 0, 32;
    %fork TD_tb_aes.write_word, S_0x555569f18f00;
    %join;
    %pushi/vec4 23, 0, 12;
    %store/vec4 v0x555569e8b480_0, 0, 12;
    %load/vec4 v0x555569e8c0f0_0;
    %parti/s 32, 0, 2;
    %store/vec4 v0x555569e8aff0_0, 0, 32;
    %fork TD_tb_aes.write_word, S_0x555569f18f00;
    %join;
    %load/vec4 v0x555569e8bcb0_0;
    %flag_set/vec4 8;
    %jmp/0xz  T_22.4, 8;
    %pushi/vec4 10, 0, 12;
    %store/vec4 v0x555569e8b480_0, 0, 12;
    %pushi/vec4 2, 0, 32;
    %store/vec4 v0x555569e8aff0_0, 0, 32;
    %fork TD_tb_aes.write_word, S_0x555569f18f00;
    %join;
    %jmp T_22.5;
T_22.4 ;
    %pushi/vec4 10, 0, 12;
    %store/vec4 v0x555569e8b480_0, 0, 12;
    %pushi/vec4 0, 0, 32;
    %store/vec4 v0x555569e8aff0_0, 0, 32;
    %fork TD_tb_aes.write_word, S_0x555569f18f00;
    %join;
T_22.5 ;
    %pushi/vec4 8, 0, 12;
    %store/vec4 v0x555569e8b480_0, 0, 12;
    %pushi/vec4 1, 0, 32;
    %store/vec4 v0x555569e8aff0_0, 0, 32;
    %fork TD_tb_aes.write_word, S_0x555569f18f00;
    %join;
    %delay 200, 0;
    %end;
S_0x555569f18410 .scope task, "init_sim" "init_sim" 3 223, 3 223 0, S_0x555569e3f530;
 .timescale 0 0;
TD_tb_aes.init_sim ;
    %pushi/vec4 0, 0, 32;
    %store/vec4 v0x555569e8abb0_0, 0, 32;
    %pushi/vec4 0, 0, 32;
    %store/vec4 v0x555569e8a770_0, 0, 32;
    %pushi/vec4 0, 0, 32;
    %store/vec4 v0x555569e88df0_0, 0, 32;
    %pushi/vec4 0, 0, 1;
    %store/vec4 v0x555569e89ab0_0, 0, 1;
    %pushi/vec4 1, 0, 1;
    %store/vec4 v0x555569e89710_0, 0, 1;
    %pushi/vec4 0, 0, 1;
    %store/vec4 v0x555569e89b50_0, 0, 1;
    %pushi/vec4 0, 0, 1;
    %store/vec4 v0x555569e89230_0, 0, 1;
    %pushi/vec4 0, 0, 8;
    %store/vec4 v0x555569e89ef0_0, 0, 8;
    %pushi/vec4 0, 0, 32;
    %store/vec4 v0x555569e892d0_0, 0, 32;
    %end;
S_0x555569f185a0 .scope begin, "main" "main" 3 547, 3 547 0, S_0x555569e3f530;
 .timescale 0 0;
S_0x555569f18730 .scope task, "read_result" "read_result" 3 310, 3 310 0, S_0x555569e3f530;
 .timescale 0 0;
TD_tb_aes.read_result ;
    %pushi/vec4 48, 0, 12;
    %store/vec4 v0x555569e8bd70_0, 0, 12;
    %fork TD_tb_aes.read_word, S_0x555569f188c0;
    %join;
    %load/vec4 v0x555569e8a330_0;
    %ix/load 4, 96, 0;
    %flag_set/imm 4, 0;
    %store/vec4 v0x555569e8a3f0_0, 4, 32;
    %pushi/vec4 49, 0, 12;
    %store/vec4 v0x555569e8bd70_0, 0, 12;
    %fork TD_tb_aes.read_word, S_0x555569f188c0;
    %join;
    %load/vec4 v0x555569e8a330_0;
    %ix/load 4, 64, 0;
    %flag_set/imm 4, 0;
    %store/vec4 v0x555569e8a3f0_0, 4, 32;
    %pushi/vec4 50, 0, 12;
    %store/vec4 v0x555569e8bd70_0, 0, 12;
    %fork TD_tb_aes.read_word, S_0x555569f188c0;
    %join;
    %load/vec4 v0x555569e8a330_0;
    %ix/load 4, 32, 0;
    %flag_set/imm 4, 0;
    %store/vec4 v0x555569e8a3f0_0, 4, 32;
    %pushi/vec4 51, 0, 12;
    %store/vec4 v0x555569e8bd70_0, 0, 12;
    %fork TD_tb_aes.read_word, S_0x555569f188c0;
    %join;
    %load/vec4 v0x555569e8a330_0;
    %ix/load 4, 0, 0;
    %flag_set/imm 4, 0;
    %store/vec4 v0x555569e8a3f0_0, 4, 32;
    %end;
S_0x555569f188c0 .scope task, "read_word" "read_word" 3 287, 3 287 0, S_0x555569e3f530;
 .timescale 0 0;
v0x555569e8bd70_0 .var "address", 11 0;
TD_tb_aes.read_word ;
    %load/vec4 v0x555569e8bd70_0;
    %pad/u 8;
    %store/vec4 v0x555569e89ef0_0, 0, 8;
    %pushi/vec4 1, 0, 1;
    %store/vec4 v0x555569e89b50_0, 0, 1;
    %pushi/vec4 0, 0, 1;
    %store/vec4 v0x555569e89230_0, 0, 1;
    %delay 2, 0;
    %load/vec4 v0x555569e89670_0;
    %store/vec4 v0x555569e8a330_0, 0, 32;
    %pushi/vec4 0, 0, 1;
    %store/vec4 v0x555569e89b50_0, 0, 1;
    %end;
S_0x555569f18a50 .scope task, "reset_dut" "reset_dut" 3 185, 3 185 0, S_0x555569e3f530;
 .timescale 0 0;
TD_tb_aes.reset_dut ;
    %vpi_call/w 3 187 "$display", "*** Toggle reset." {0 0 0};
    %pushi/vec4 0, 0, 1;
    %store/vec4 v0x555569e89710_0, 0, 1;
    %delay 4, 0;
    %pushi/vec4 1, 0, 1;
    %store/vec4 v0x555569e89710_0, 0, 1;
    %vpi_call/w 3 192 "$display", "\000" {0 0 0};
    %end;
S_0x555569f18be0 .scope begin, "sys_monitor" "sys_monitor" 3 146, 3 146 0, S_0x555569e3f530;
 .timescale 0 0;
S_0x555569f18d70 .scope task, "write_block" "write_block" 3 270, 3 270 0, S_0x555569e3f530;
 .timescale 0 0;
v0x555569e8b910_0 .var "block", 127 0;
TD_tb_aes.write_block ;
    %pushi/vec4 32, 0, 12;
    %store/vec4 v0x555569e8b480_0, 0, 12;
    %load/vec4 v0x555569e8b910_0;
    %parti/s 32, 96, 8;
    %store/vec4 v0x555569e8aff0_0, 0, 32;
    %fork TD_tb_aes.write_word, S_0x555569f18f00;
    %join;
    %pushi/vec4 33, 0, 12;
    %store/vec4 v0x555569e8b480_0, 0, 12;
    %load/vec4 v0x555569e8b910_0;
    %parti/s 32, 64, 8;
    %store/vec4 v0x555569e8aff0_0, 0, 32;
    %fork TD_tb_aes.write_word, S_0x555569f18f00;
    %join;
    %pushi/vec4 34, 0, 12;
    %store/vec4 v0x555569e8b480_0, 0, 12;
    %load/vec4 v0x555569e8b910_0;
    %parti/s 32, 32, 7;
    %store/vec4 v0x555569e8aff0_0, 0, 32;
    %fork TD_tb_aes.write_word, S_0x555569f18f00;
    %join;
    %pushi/vec4 35, 0, 12;
    %store/vec4 v0x555569e8b480_0, 0, 12;
    %load/vec4 v0x555569e8b910_0;
    %parti/s 32, 0, 2;
    %store/vec4 v0x555569e8aff0_0, 0, 32;
    %fork TD_tb_aes.write_word, S_0x555569f18f00;
    %join;
    %end;
S_0x555569f18f00 .scope task, "write_word" "write_word" 3 245, 3 245 0, S_0x555569e3f530;
 .timescale 0 0;
v0x555569e8b480_0 .var "address", 11 0;
v0x555569e8aff0_0 .var "word", 31 0;
TD_tb_aes.write_word ;
    %load/vec4 v0x555569e8b480_0;
    %pad/u 8;
    %store/vec4 v0x555569e89ef0_0, 0, 8;
    %load/vec4 v0x555569e8aff0_0;
    %store/vec4 v0x555569e892d0_0, 0, 32;
    %pushi/vec4 1, 0, 1;
    %store/vec4 v0x555569e89b50_0, 0, 1;
    %pushi/vec4 1, 0, 1;
    %store/vec4 v0x555569e89230_0, 0, 1;
    %delay 4, 0;
    %pushi/vec4 0, 0, 1;
    %store/vec4 v0x555569e89b50_0, 0, 1;
    %pushi/vec4 0, 0, 1;
    %store/vec4 v0x555569e89230_0, 0, 1;
    %end;
    .scope S_0x555569f147d0;
T_29 ;
    %wait E_0x555569efe770;
    %fork t_1, S_0x555569f15610;
    %jmp t_0;
    .scope S_0x555569f15610;
t_1 ;
    %load/vec4 v0x555569ed7f30_0;
    %nor/r;
    %flag_set/vec4 8;
    %jmp/0xz  T_29.0, 8;
    %pushi/vec4 0, 0, 32;
    %assign/vec4 v0x555569edadf0_0, 0;
    %pushi/vec4 0, 0, 32;
    %assign/vec4 v0x555569eda990_0, 0;
    %pushi/vec4 0, 0, 32;
    %assign/vec4 v0x555569eda570_0, 0;
    %pushi/vec4 0, 0, 32;
    %assign/vec4 v0x555569eda130_0, 0;
    %pushi/vec4 0, 0, 2;
    %assign/vec4 v0x555569ed5c70_0, 0;
    %pushi/vec4 0, 0, 4;
    %assign/vec4 v0x555569ed71b0_0, 0;
    %pushi/vec4 1, 0, 1;
    %assign/vec4 v0x555569ed8370_0, 0;
    %pushi/vec4 0, 0, 2;
    %assign/vec4 v0x555569ed9890_0, 0;
    %jmp T_29.1;
T_29.0 ;
    %load/vec4 v0x555569eda8f0_0;
    %flag_set/vec4 8;
    %jmp/0xz  T_29.2, 8;
    %load/vec4 v0x555569edad30_0;
    %parti/s 32, 96, 8;
    %assign/vec4 v0x555569edadf0_0, 0;
T_29.2 ;
    %load/vec4 v0x555569eda4b0_0;
    %flag_set/vec4 8;
    %jmp/0xz  T_29.4, 8;
    %load/vec4 v0x555569edad30_0;
    %parti/s 32, 64, 8;
    %assign/vec4 v0x555569eda990_0, 0;
T_29.4 ;
    %load/vec4 v0x555569eda070_0;
    %flag_set/vec4 8;
    %jmp/0xz  T_29.6, 8;
    %load/vec4 v0x555569edad30_0;
    %parti/s 32, 32, 7;
    %assign/vec4 v0x555569eda570_0, 0;
T_29.6 ;
    %load/vec4 v0x555569ed9c30_0;
    %flag_set/vec4 8;
    %jmp/0xz  T_29.8, 8;
    %load/vec4 v0x555569edad30_0;
    %parti/s 32, 0, 2;
    %assign/vec4 v0x555569eda130_0, 0;
T_29.8 ;
    %load/vec4 v0x555569ed58f0_0;
    %flag_set/vec4 8;
    %jmp/0xz  T_29.10, 8;
    %load/vec4 v0x555569ed60b0_0;
    %assign/vec4 v0x555569ed5c70_0, 0;
T_29.10 ;
    %load/vec4 v0x555569ed6e30_0;
    %flag_set/vec4 8;
    %jmp/0xz  T_29.12, 8;
    %load/vec4 v0x555569ed75f0_0;
    %assign/vec4 v0x555569ed71b0_0, 0;
T_29.12 ;
    %load/vec4 v0x555569ed7e70_0;
    %flag_set/vec4 8;
    %jmp/0xz  T_29.14, 8;
    %load/vec4 v0x555569ed82b0_0;
    %assign/vec4 v0x555569ed8370_0, 0;
T_29.14 ;
    %load/vec4 v0x555569ed93b0_0;
    %flag_set/vec4 8;
    %jmp/0xz  T_29.16, 8;
    %load/vec4 v0x555569ed97f0_0;
    %assign/vec4 v0x555569ed9890_0, 0;
T_29.16 ;
T_29.1 ;
    %end;
    .scope S_0x555569f147d0;
t_0 %join;
    %jmp T_29;
    .thread T_29;
    .scope S_0x555569f147d0;
T_30 ;
    %wait E_0x555569ee82e0;
    %fork t_3, S_0x555569f15930;
    %jmp t_2;
    .scope S_0x555569f15930;
t_3 ;
    %pushi/vec4 0, 0, 128;
    %store/vec4 v0x555569edad30_0, 0, 128;
    %pushi/vec4 0, 0, 32;
    %store/vec4 v0x555569ed8f70_0, 0, 32;
    %pushi/vec4 0, 0, 1;
    %store/vec4 v0x555569eda8f0_0, 0, 1;
    %pushi/vec4 0, 0, 1;
    %store/vec4 v0x555569eda4b0_0, 0, 1;
    %pushi/vec4 0, 0, 1;
    %store/vec4 v0x555569eda070_0, 0, 1;
    %pushi/vec4 0, 0, 1;
    %store/vec4 v0x555569ed9c30_0, 0, 1;
    %load/vec4 v0x555569edadf0_0;
    %load/vec4 v0x555569eda990_0;
    %concat/vec4; draw_concat_vec4
    %load/vec4 v0x555569eda570_0;
    %concat/vec4; draw_concat_vec4
    %load/vec4 v0x555569eda130_0;
    %concat/vec4; draw_concat_vec4
    %store/vec4 v0x555569ede030_0, 0, 128;
    %alloc S_0x555569f15ac0;
    %load/vec4 v0x555569ede030_0;
    %store/vec4 v0x555569edd7b0_0, 0, 128;
    %callf/vec4 TD_tb_aes.dut.core.enc_block.shiftrows, S_0x555569f15ac0;
    %free S_0x555569f15ac0;
    %store/vec4 v0x555569eddbf0_0, 0, 128;
    %alloc S_0x555569f152f0;
    %load/vec4 v0x555569eddbf0_0;
    %store/vec4 v0x555569ee3970_0, 0, 128;
    %callf/vec4 TD_tb_aes.dut.core.enc_block.mixcolumns, S_0x555569f152f0;
    %free S_0x555569f152f0;
    %store/vec4 v0x555569ede530_0, 0, 128;
    %alloc S_0x555569f14cb0;
    %load/vec4 v0x555569edb170_0;
    %load/vec4 v0x555569ed6930_0;
    %store/vec4 v0x555569ee52f0_0, 0, 128;
    %store/vec4 v0x555569ee5750_0, 0, 128;
    %callf/vec4 TD_tb_aes.dut.core.enc_block.addroundkey, S_0x555569f14cb0;
    %free S_0x555569f14cb0;
    %store/vec4 v0x555569ede8b0_0, 0, 128;
    %alloc S_0x555569f14cb0;
    %load/vec4 v0x555569ede530_0;
    %load/vec4 v0x555569ed6930_0;
    %store/vec4 v0x555569ee52f0_0, 0, 128;
    %store/vec4 v0x555569ee5750_0, 0, 128;
    %callf/vec4 TD_tb_aes.dut.core.enc_block.addroundkey, S_0x555569f14cb0;
    %free S_0x555569f14cb0;
    %store/vec4 v0x555569ede470_0, 0, 128;
    %alloc S_0x555569f14cb0;
    %load/vec4 v0x555569eddbf0_0;
    %load/vec4 v0x555569ed6930_0;
    %store/vec4 v0x555569ee52f0_0, 0, 128;
    %store/vec4 v0x555569ee5750_0, 0, 128;
    %callf/vec4 TD_tb_aes.dut.core.enc_block.addroundkey, S_0x555569f14cb0;
    %free S_0x555569f14cb0;
    %store/vec4 v0x555569edecf0_0, 0, 128;
    %load/vec4 v0x555569ed53f0_0;
    %dup/vec4;
    %pushi/vec4 1, 0, 3;
    %cmp/u;
    %jmp/1 T_30.0, 6;
    %dup/vec4;
    %pushi/vec4 2, 0, 3;
    %cmp/u;
    %jmp/1 T_30.1, 6;
    %dup/vec4;
    %pushi/vec4 3, 0, 3;
    %cmp/u;
    %jmp/1 T_30.2, 6;
    %dup/vec4;
    %pushi/vec4 4, 0, 3;
    %cmp/u;
    %jmp/1 T_30.3, 6;
    %jmp T_30.5;
T_30.0 ;
    %load/vec4 v0x555569ede8b0_0;
    %store/vec4 v0x555569edad30_0, 0, 128;
    %pushi/vec4 1, 0, 1;
    %store/vec4 v0x555569eda8f0_0, 0, 1;
    %pushi/vec4 1, 0, 1;
    %store/vec4 v0x555569eda4b0_0, 0, 1;
    %pushi/vec4 1, 0, 1;
    %store/vec4 v0x555569eda070_0, 0, 1;
    %pushi/vec4 1, 0, 1;
    %store/vec4 v0x555569ed9c30_0, 0, 1;
    %jmp T_30.5;
T_30.1 ;
    %load/vec4 v0x555569ed8b30_0;
    %load/vec4 v0x555569ed8b30_0;
    %concat/vec4; draw_concat_vec4
    %load/vec4 v0x555569ed8b30_0;
    %concat/vec4; draw_concat_vec4
    %load/vec4 v0x555569ed8b30_0;
    %concat/vec4; draw_concat_vec4
    %store/vec4 v0x555569edad30_0, 0, 128;
    %load/vec4 v0x555569ed5c70_0;
    %dup/vec4;
    %pushi/vec4 0, 0, 2;
    %cmp/u;
    %jmp/1 T_30.6, 6;
    %dup/vec4;
    %pushi/vec4 1, 0, 2;
    %cmp/u;
    %jmp/1 T_30.7, 6;
    %dup/vec4;
    %pushi/vec4 2, 0, 2;
    %cmp/u;
    %jmp/1 T_30.8, 6;
    %dup/vec4;
    %pushi/vec4 3, 0, 2;
    %cmp/u;
    %jmp/1 T_30.9, 6;
    %jmp T_30.10;
T_30.6 ;
    %load/vec4 v0x555569edadf0_0;
    %store/vec4 v0x555569ed8f70_0, 0, 32;
    %pushi/vec4 1, 0, 1;
    %store/vec4 v0x555569eda8f0_0, 0, 1;
    %jmp T_30.10;
T_30.7 ;
    %load/vec4 v0x555569eda990_0;
    %store/vec4 v0x555569ed8f70_0, 0, 32;
    %pushi/vec4 1, 0, 1;
    %store/vec4 v0x555569eda4b0_0, 0, 1;
    %jmp T_30.10;
T_30.8 ;
    %load/vec4 v0x555569eda570_0;
    %store/vec4 v0x555569ed8f70_0, 0, 32;
    %pushi/vec4 1, 0, 1;
    %store/vec4 v0x555569eda070_0, 0, 1;
    %jmp T_30.10;
T_30.9 ;
    %load/vec4 v0x555569eda130_0;
    %store/vec4 v0x555569ed8f70_0, 0, 32;
    %pushi/vec4 1, 0, 1;
    %store/vec4 v0x555569ed9c30_0, 0, 1;
    %jmp T_30.10;
T_30.10 ;
    %pop/vec4 1;
    %jmp T_30.5;
T_30.2 ;
    %load/vec4 v0x555569ede470_0;
    %store/vec4 v0x555569edad30_0, 0, 128;
    %pushi/vec4 1, 0, 1;
    %store/vec4 v0x555569eda8f0_0, 0, 1;
    %pushi/vec4 1, 0, 1;
    %store/vec4 v0x555569eda4b0_0, 0, 1;
    %pushi/vec4 1, 0, 1;
    %store/vec4 v0x555569eda070_0, 0, 1;
    %pushi/vec4 1, 0, 1;
    %store/vec4 v0x555569ed9c30_0, 0, 1;
    %jmp T_30.5;
T_30.3 ;
    %load/vec4 v0x555569edecf0_0;
    %store/vec4 v0x555569edad30_0, 0, 128;
    %pushi/vec4 1, 0, 1;
    %store/vec4 v0x555569eda8f0_0, 0, 1;
    %pushi/vec4 1, 0, 1;
    %store/vec4 v0x555569eda4b0_0, 0, 1;
    %pushi/vec4 1, 0, 1;
    %store/vec4 v0x555569eda070_0, 0, 1;
    %pushi/vec4 1, 0, 1;
    %store/vec4 v0x555569ed9c30_0, 0, 1;
    %jmp T_30.5;
T_30.5 ;
    %pop/vec4 1;
    %end;
    .scope S_0x555569f147d0;
t_2 %join;
    %jmp T_30;
    .thread T_30, $push;
    .scope S_0x555569f147d0;
T_31 ;
    %wait E_0x555569ee7a60;
    %fork t_5, S_0x555569f15c50;
    %jmp t_4;
    .scope S_0x555569f15c50;
t_5 ;
    %pushi/vec4 0, 0, 2;
    %store/vec4 v0x555569ed60b0_0, 0, 2;
    %pushi/vec4 0, 0, 1;
    %store/vec4 v0x555569ed58f0_0, 0, 1;
    %load/vec4 v0x555569ed5830_0;
    %flag_set/vec4 8;
    %jmp/0xz  T_31.0, 8;
    %pushi/vec4 0, 0, 2;
    %store/vec4 v0x555569ed60b0_0, 0, 2;
    %pushi/vec4 1, 0, 1;
    %store/vec4 v0x555569ed58f0_0, 0, 1;
    %jmp T_31.1;
T_31.0 ;
    %load/vec4 v0x555569ed65b0_0;
    %flag_set/vec4 8;
    %jmp/0xz  T_31.2, 8;
    %load/vec4 v0x555569ed5c70_0;
    %addi 1, 0, 2;
    %store/vec4 v0x555569ed60b0_0, 0, 2;
    %pushi/vec4 1, 0, 1;
    %store/vec4 v0x555569ed58f0_0, 0, 1;
T_31.2 ;
T_31.1 ;
    %end;
    .scope S_0x555569f147d0;
t_4 %join;
    %jmp T_31;
    .thread T_31, $push;
    .scope S_0x555569f147d0;
T_32 ;
    %wait E_0x555569ee71e0;
    %fork t_7, S_0x555569f157a0;
    %jmp t_6;
    .scope S_0x555569f157a0;
t_7 ;
    %pushi/vec4 0, 0, 4;
    %store/vec4 v0x555569ed75f0_0, 0, 4;
    %pushi/vec4 0, 0, 1;
    %store/vec4 v0x555569ed6e30_0, 0, 1;
    %load/vec4 v0x555569ed6d70_0;
    %flag_set/vec4 8;
    %jmp/0xz  T_32.0, 8;
    %pushi/vec4 0, 0, 4;
    %store/vec4 v0x555569ed75f0_0, 0, 4;
    %pushi/vec4 1, 0, 1;
    %store/vec4 v0x555569ed6e30_0, 0, 1;
    %jmp T_32.1;
T_32.0 ;
    %load/vec4 v0x555569ed7ad0_0;
    %flag_set/vec4 8;
    %jmp/0xz  T_32.2, 8;
    %load/vec4 v0x555569ed71b0_0;
    %addi 1, 0, 4;
    %store/vec4 v0x555569ed75f0_0, 0, 4;
    %pushi/vec4 1, 0, 1;
    %store/vec4 v0x555569ed6e30_0, 0, 1;
T_32.2 ;
T_32.1 ;
    %end;
    .scope S_0x555569f147d0;
t_6 %join;
    %jmp T_32;
    .thread T_32, $push;
    .scope S_0x555569f147d0;
T_33 ;
    %wait E_0x555569efe3a0;
    %fork t_9, S_0x555569f14e40;
    %jmp t_8;
    .scope S_0x555569f14e40;
t_9 ;
    %pushi/vec4 0, 0, 1;
    %store/vec4 v0x555569ed65b0_0, 0, 1;
    %pushi/vec4 0, 0, 1;
    %store/vec4 v0x555569ed5830_0, 0, 1;
    %pushi/vec4 0, 0, 1;
    %store/vec4 v0x555569ed7ad0_0, 0, 1;
    %pushi/vec4 0, 0, 1;
    %store/vec4 v0x555569ed6d70_0, 0, 1;
    %pushi/vec4 0, 0, 1;
    %store/vec4 v0x555569ed82b0_0, 0, 1;
    %pushi/vec4 0, 0, 1;
    %store/vec4 v0x555569ed7e70_0, 0, 1;
    %pushi/vec4 0, 0, 3;
    %store/vec4 v0x555569ed53f0_0, 0, 3;
    %pushi/vec4 0, 0, 2;
    %store/vec4 v0x555569ed97f0_0, 0, 2;
    %pushi/vec4 0, 0, 1;
    %store/vec4 v0x555569ed93b0_0, 0, 1;
    %load/vec4 v0x555569ed9470_0;
    %cmpi/e 1, 0, 1;
    %jmp/0xz  T_33.0, 4;
    %pushi/vec4 14, 0, 4;
    %store/vec4 v0x555569ee4eb0_0, 0, 4;
    %jmp T_33.1;
T_33.0 ;
    %pushi/vec4 10, 0, 4;
    %store/vec4 v0x555569ee4eb0_0, 0, 4;
T_33.1 ;
    %load/vec4 v0x555569ed9890_0;
    %dup/vec4;
    %pushi/vec4 0, 0, 2;
    %cmp/u;
    %jmp/1 T_33.2, 6;
    %dup/vec4;
    %pushi/vec4 1, 0, 2;
    %cmp/u;
    %jmp/1 T_33.3, 6;
    %dup/vec4;
    %pushi/vec4 2, 0, 2;
    %cmp/u;
    %jmp/1 T_33.4, 6;
    %dup/vec4;
    %pushi/vec4 3, 0, 2;
    %cmp/u;
    %jmp/1 T_33.5, 6;
    %jmp T_33.7;
T_33.2 ;
    %load/vec4 v0x555569ed86f0_0;
    %flag_set/vec4 8;
    %jmp/0xz  T_33.8, 8;
    %pushi/vec4 1, 0, 1;
    %store/vec4 v0x555569ed6d70_0, 0, 1;
    %pushi/vec4 0, 0, 1;
    %store/vec4 v0x555569ed82b0_0, 0, 1;
    %pushi/vec4 1, 0, 1;
    %store/vec4 v0x555569ed7e70_0, 0, 1;
    %pushi/vec4 1, 0, 2;
    %store/vec4 v0x555569ed97f0_0, 0, 2;
    %pushi/vec4 1, 0, 1;
    %store/vec4 v0x555569ed93b0_0, 0, 1;
T_33.8 ;
    %jmp T_33.7;
T_33.3 ;
    %pushi/vec4 1, 0, 1;
    %store/vec4 v0x555569ed7ad0_0, 0, 1;
    %pushi/vec4 1, 0, 1;
    %store/vec4 v0x555569ed5830_0, 0, 1;
    %pushi/vec4 1, 0, 3;
    %store/vec4 v0x555569ed53f0_0, 0, 3;
    %pushi/vec4 2, 0, 2;
    %store/vec4 v0x555569ed97f0_0, 0, 2;
    %pushi/vec4 1, 0, 1;
    %store/vec4 v0x555569ed93b0_0, 0, 1;
    %jmp T_33.7;
T_33.4 ;
    %pushi/vec4 1, 0, 1;
    %store/vec4 v0x555569ed65b0_0, 0, 1;
    %pushi/vec4 2, 0, 3;
    %store/vec4 v0x555569ed53f0_0, 0, 3;
    %load/vec4 v0x555569ed5c70_0;
    %cmpi/e 3, 0, 2;
    %jmp/0xz  T_33.10, 4;
    %pushi/vec4 3, 0, 2;
    %store/vec4 v0x555569ed97f0_0, 0, 2;
    %pushi/vec4 1, 0, 1;
    %store/vec4 v0x555569ed93b0_0, 0, 1;
T_33.10 ;
    %jmp T_33.7;
T_33.5 ;
    %pushi/vec4 1, 0, 1;
    %store/vec4 v0x555569ed5830_0, 0, 1;
    %pushi/vec4 1, 0, 1;
    %store/vec4 v0x555569ed7ad0_0, 0, 1;
    %load/vec4 v0x555569ed71b0_0;
    %load/vec4 v0x555569ee4eb0_0;
    %cmp/u;
    %jmp/0xz  T_33.12, 5;
    %pushi/vec4 3, 0, 3;
    %store/vec4 v0x555569ed53f0_0, 0, 3;
    %pushi/vec4 2, 0, 2;
    %store/vec4 v0x555569ed97f0_0, 0, 2;
    %pushi/vec4 1, 0, 1;
    %store/vec4 v0x555569ed93b0_0, 0, 1;
    %jmp T_33.13;
T_33.12 ;
    %pushi/vec4 4, 0, 3;
    %store/vec4 v0x555569ed53f0_0, 0, 3;
    %pushi/vec4 1, 0, 1;
    %store/vec4 v0x555569ed82b0_0, 0, 1;
    %pushi/vec4 1, 0, 1;
    %store/vec4 v0x555569ed7e70_0, 0, 1;
    %pushi/vec4 0, 0, 2;
    %store/vec4 v0x555569ed97f0_0, 0, 2;
    %pushi/vec4 1, 0, 1;
    %store/vec4 v0x555569ed93b0_0, 0, 1;
T_33.13 ;
    %jmp T_33.7;
T_33.7 ;
    %pop/vec4 1;
    %end;
    .scope S_0x555569f147d0;
t_8 %join;
    %jmp T_33;
    .thread T_33, $push;
    .scope S_0x555569e3cd00;
T_34 ;
    %wait E_0x555569efe770;
    %fork t_11, S_0x555569cb9f90;
    %jmp t_10;
    .scope S_0x555569cb9f90;
t_11 ;
    %load/vec4 v0x555569ee8a30_0;
    %nor/r;
    %flag_set/vec4 8;
    %jmp/0xz  T_34.0, 8;
    %pushi/vec4 0, 0, 32;
    %assign/vec4 v0x555569eebd30_0, 0;
    %pushi/vec4 0, 0, 32;
    %assign/vec4 v0x555569eeb8f0_0, 0;
    %pushi/vec4 0, 0, 32;
    %assign/vec4 v0x555569eeb570_0, 0;
    %pushi/vec4 0, 0, 32;
    %assign/vec4 v0x555569eeb130_0, 0;
    %pushi/vec4 0, 0, 2;
    %assign/vec4 v0x555569ee70b0_0, 0;
    %pushi/vec4 0, 0, 4;
    %assign/vec4 v0x555569ee81b0_0, 0;
    %pushi/vec4 1, 0, 1;
    %assign/vec4 v0x555569ee8e70_0, 0;
    %pushi/vec4 0, 0, 2;
    %assign/vec4 v0x555569eea3b0_0, 0;
    %jmp T_34.1;
T_34.0 ;
    %load/vec4 v0x555569eebdf0_0;
    %flag_set/vec4 8;
    %jmp/0xz  T_34.2, 8;
    %load/vec4 v0x555569eec170_0;
    %parti/s 32, 96, 8;
    %assign/vec4 v0x555569eebd30_0, 0;
T_34.2 ;
    %load/vec4 v0x555569eeb4b0_0;
    %flag_set/vec4 8;
    %jmp/0xz  T_34.4, 8;
    %load/vec4 v0x555569eec170_0;
    %parti/s 32, 64, 8;
    %assign/vec4 v0x555569eeb8f0_0, 0;
T_34.4 ;
    %load/vec4 v0x555569eeb070_0;
    %flag_set/vec4 8;
    %jmp/0xz  T_34.6, 8;
    %load/vec4 v0x555569eec170_0;
    %parti/s 32, 32, 7;
    %assign/vec4 v0x555569eeb570_0, 0;
T_34.6 ;
    %load/vec4 v0x555569eeac30_0;
    %flag_set/vec4 8;
    %jmp/0xz  T_34.8, 8;
    %load/vec4 v0x555569eec170_0;
    %parti/s 32, 0, 2;
    %assign/vec4 v0x555569eeb130_0, 0;
T_34.8 ;
    %load/vec4 v0x555569ee6d30_0;
    %flag_set/vec4 8;
    %jmp/0xz  T_34.10, 8;
    %load/vec4 v0x555569ee75b0_0;
    %assign/vec4 v0x555569ee70b0_0, 0;
T_34.10 ;
    %load/vec4 v0x555569ee7e30_0;
    %flag_set/vec4 8;
    %jmp/0xz  T_34.12, 8;
    %load/vec4 v0x555569ee86b0_0;
    %assign/vec4 v0x555569ee81b0_0, 0;
T_34.12 ;
    %load/vec4 v0x555569ee8f30_0;
    %flag_set/vec4 8;
    %jmp/0xz  T_34.14, 8;
    %load/vec4 v0x555569ee9370_0;
    %assign/vec4 v0x555569ee8e70_0, 0;
T_34.14 ;
    %load/vec4 v0x555569ee9f70_0;
    %flag_set/vec4 8;
    %jmp/0xz  T_34.16, 8;
    %load/vec4 v0x555569eea7f0_0;
    %assign/vec4 v0x555569eea3b0_0, 0;
T_34.16 ;
T_34.1 ;
    %end;
    .scope S_0x555569e3cd00;
t_10 %join;
    %jmp T_34;
    .thread T_34;
    .scope S_0x555569e3cd00;
T_35 ;
    %wait E_0x555569eff4a0;
    %fork t_13, S_0x555569f144b0;
    %jmp t_12;
    .scope S_0x555569f144b0;
t_13 ;
    %pushi/vec4 0, 0, 128;
    %store/vec4 v0x555569eec9f0_0, 0, 128;
    %pushi/vec4 0, 0, 128;
    %store/vec4 v0x555569eece30_0, 0, 128;
    %pushi/vec4 0, 0, 128;
    %store/vec4 v0x555569cba300_0, 0, 128;
    %pushi/vec4 0, 0, 128;
    %store/vec4 v0x555569eec170_0, 0, 128;
    %pushi/vec4 0, 0, 32;
    %store/vec4 v0x555569ee6830_0, 0, 32;
    %pushi/vec4 0, 0, 1;
    %store/vec4 v0x555569eebdf0_0, 0, 1;
    %pushi/vec4 0, 0, 1;
    %store/vec4 v0x555569eeb4b0_0, 0, 1;
    %pushi/vec4 0, 0, 1;
    %store/vec4 v0x555569eeb070_0, 0, 1;
    %pushi/vec4 0, 0, 1;
    %store/vec4 v0x555569eeac30_0, 0, 1;
    %load/vec4 v0x555569eebd30_0;
    %load/vec4 v0x555569eeb8f0_0;
    %concat/vec4; draw_concat_vec4
    %load/vec4 v0x555569eeb570_0;
    %concat/vec4; draw_concat_vec4
    %load/vec4 v0x555569eeb130_0;
    %concat/vec4; draw_concat_vec4
    %store/vec4 v0x555569eecab0_0, 0, 128;
    %load/vec4 v0x555569ee63f0_0;
    %dup/vec4;
    %pushi/vec4 1, 0, 3;
    %cmp/u;
    %jmp/1 T_35.0, 6;
    %dup/vec4;
    %pushi/vec4 2, 0, 3;
    %cmp/u;
    %jmp/1 T_35.1, 6;
    %dup/vec4;
    %pushi/vec4 3, 0, 3;
    %cmp/u;
    %jmp/1 T_35.2, 6;
    %dup/vec4;
    %pushi/vec4 4, 0, 3;
    %cmp/u;
    %jmp/1 T_35.3, 6;
    %jmp T_35.5;
T_35.0 ;
    %load/vec4 v0x555569eec5b0_0;
    %store/vec4 v0x555569eecab0_0, 0, 128;
    %alloc S_0x555569e3caa0;
    %load/vec4 v0x555569eecab0_0;
    %load/vec4 v0x555569ee7930_0;
    %store/vec4 v0x555569efd9f0_0, 0, 128;
    %store/vec4 v0x555569efde30_0, 0, 128;
    %callf/vec4 TD_tb_aes.dut.core.dec_block.addroundkey, S_0x555569e3caa0;
    %free S_0x555569e3caa0;
    %store/vec4 v0x555569cba300_0, 0, 128;
    %alloc S_0x555569dbeed0;
    %load/vec4 v0x555569cba300_0;
    %store/vec4 v0x555569dbf060_0, 0, 128;
    %callf/vec4 TD_tb_aes.dut.core.dec_block.inv_shiftrows, S_0x555569dbeed0;
    %free S_0x555569dbeed0;
    %store/vec4 v0x555569eec9f0_0, 0, 128;
    %load/vec4 v0x555569eec9f0_0;
    %store/vec4 v0x555569eec170_0, 0, 128;
    %pushi/vec4 1, 0, 1;
    %store/vec4 v0x555569eebdf0_0, 0, 1;
    %pushi/vec4 1, 0, 1;
    %store/vec4 v0x555569eeb4b0_0, 0, 1;
    %pushi/vec4 1, 0, 1;
    %store/vec4 v0x555569eeb070_0, 0, 1;
    %pushi/vec4 1, 0, 1;
    %store/vec4 v0x555569eeac30_0, 0, 1;
    %jmp T_35.5;
T_35.1 ;
    %load/vec4 v0x555569ee96f0_0;
    %load/vec4 v0x555569ee96f0_0;
    %concat/vec4; draw_concat_vec4
    %load/vec4 v0x555569ee96f0_0;
    %concat/vec4; draw_concat_vec4
    %load/vec4 v0x555569ee96f0_0;
    %concat/vec4; draw_concat_vec4
    %store/vec4 v0x555569eec170_0, 0, 128;
    %load/vec4 v0x555569ee70b0_0;
    %dup/vec4;
    %pushi/vec4 0, 0, 2;
    %cmp/u;
    %jmp/1 T_35.6, 6;
    %dup/vec4;
    %pushi/vec4 1, 0, 2;
    %cmp/u;
    %jmp/1 T_35.7, 6;
    %dup/vec4;
    %pushi/vec4 2, 0, 2;
    %cmp/u;
    %jmp/1 T_35.8, 6;
    %dup/vec4;
    %pushi/vec4 3, 0, 2;
    %cmp/u;
    %jmp/1 T_35.9, 6;
    %jmp T_35.10;
T_35.6 ;
    %load/vec4 v0x555569eebd30_0;
    %store/vec4 v0x555569ee6830_0, 0, 32;
    %pushi/vec4 1, 0, 1;
    %store/vec4 v0x555569eebdf0_0, 0, 1;
    %jmp T_35.10;
T_35.7 ;
    %load/vec4 v0x555569eeb8f0_0;
    %store/vec4 v0x555569ee6830_0, 0, 32;
    %pushi/vec4 1, 0, 1;
    %store/vec4 v0x555569eeb4b0_0, 0, 1;
    %jmp T_35.10;
T_35.8 ;
    %load/vec4 v0x555569eeb570_0;
    %store/vec4 v0x555569ee6830_0, 0, 32;
    %pushi/vec4 1, 0, 1;
    %store/vec4 v0x555569eeb070_0, 0, 1;
    %jmp T_35.10;
T_35.9 ;
    %load/vec4 v0x555569eeb130_0;
    %store/vec4 v0x555569ee6830_0, 0, 32;
    %pushi/vec4 1, 0, 1;
    %store/vec4 v0x555569eeac30_0, 0, 1;
    %jmp T_35.10;
T_35.10 ;
    %pop/vec4 1;
    %jmp T_35.5;
T_35.2 ;
    %alloc S_0x555569e3caa0;
    %load/vec4 v0x555569eecab0_0;
    %load/vec4 v0x555569ee7930_0;
    %store/vec4 v0x555569efd9f0_0, 0, 128;
    %store/vec4 v0x555569efde30_0, 0, 128;
    %callf/vec4 TD_tb_aes.dut.core.dec_block.addroundkey, S_0x555569e3caa0;
    %free S_0x555569e3caa0;
    %store/vec4 v0x555569cba300_0, 0, 128;
    %alloc S_0x555569d8c560;
    %load/vec4 v0x555569cba300_0;
    %store/vec4 v0x555569d8c740_0, 0, 128;
    %callf/vec4 TD_tb_aes.dut.core.dec_block.inv_mixcolumns, S_0x555569d8c560;
    %free S_0x555569d8c560;
    %store/vec4 v0x555569eece30_0, 0, 128;
    %alloc S_0x555569dbeed0;
    %load/vec4 v0x555569eece30_0;
    %store/vec4 v0x555569dbf060_0, 0, 128;
    %callf/vec4 TD_tb_aes.dut.core.dec_block.inv_shiftrows, S_0x555569dbeed0;
    %free S_0x555569dbeed0;
    %store/vec4 v0x555569eec9f0_0, 0, 128;
    %load/vec4 v0x555569eec9f0_0;
    %store/vec4 v0x555569eec170_0, 0, 128;
    %pushi/vec4 1, 0, 1;
    %store/vec4 v0x555569eebdf0_0, 0, 1;
    %pushi/vec4 1, 0, 1;
    %store/vec4 v0x555569eeb4b0_0, 0, 1;
    %pushi/vec4 1, 0, 1;
    %store/vec4 v0x555569eeb070_0, 0, 1;
    %pushi/vec4 1, 0, 1;
    %store/vec4 v0x555569eeac30_0, 0, 1;
    %jmp T_35.5;
T_35.3 ;
    %alloc S_0x555569e3caa0;
    %load/vec4 v0x555569eecab0_0;
    %load/vec4 v0x555569ee7930_0;
    %store/vec4 v0x555569efd9f0_0, 0, 128;
    %store/vec4 v0x555569efde30_0, 0, 128;
    %callf/vec4 TD_tb_aes.dut.core.dec_block.addroundkey, S_0x555569e3caa0;
    %free S_0x555569e3caa0;
    %store/vec4 v0x555569eec170_0, 0, 128;
    %pushi/vec4 1, 0, 1;
    %store/vec4 v0x555569eebdf0_0, 0, 1;
    %pushi/vec4 1, 0, 1;
    %store/vec4 v0x555569eeb4b0_0, 0, 1;
    %pushi/vec4 1, 0, 1;
    %store/vec4 v0x555569eeb070_0, 0, 1;
    %pushi/vec4 1, 0, 1;
    %store/vec4 v0x555569eeac30_0, 0, 1;
    %jmp T_35.5;
T_35.5 ;
    %pop/vec4 1;
    %end;
    .scope S_0x555569e3cd00;
t_12 %join;
    %jmp T_35;
    .thread T_35, $push;
    .scope S_0x555569e3cd00;
T_36 ;
    %wait E_0x555569eff060;
    %fork t_15, S_0x555569f14640;
    %jmp t_14;
    .scope S_0x555569f14640;
t_15 ;
    %pushi/vec4 0, 0, 2;
    %store/vec4 v0x555569ee75b0_0, 0, 2;
    %pushi/vec4 0, 0, 1;
    %store/vec4 v0x555569ee6d30_0, 0, 1;
    %load/vec4 v0x555569ee6c70_0;
    %flag_set/vec4 8;
    %jmp/0xz  T_36.0, 8;
    %pushi/vec4 0, 0, 2;
    %store/vec4 v0x555569ee75b0_0, 0, 2;
    %pushi/vec4 1, 0, 1;
    %store/vec4 v0x555569ee6d30_0, 0, 1;
    %jmp T_36.1;
T_36.0 ;
    %load/vec4 v0x555569ee74f0_0;
    %flag_set/vec4 8;
    %jmp/0xz  T_36.2, 8;
    %load/vec4 v0x555569ee70b0_0;
    %addi 1, 0, 2;
    %store/vec4 v0x555569ee75b0_0, 0, 2;
    %pushi/vec4 1, 0, 1;
    %store/vec4 v0x555569ee6d30_0, 0, 1;
T_36.2 ;
T_36.1 ;
    %end;
    .scope S_0x555569e3cd00;
t_14 %join;
    %jmp T_36;
    .thread T_36, $push;
    .scope S_0x555569e3cd00;
T_37 ;
    %wait E_0x555569eff8e0;
    %fork t_17, S_0x555569cba120;
    %jmp t_16;
    .scope S_0x555569cba120;
t_17 ;
    %pushi/vec4 0, 0, 4;
    %store/vec4 v0x555569ee86b0_0, 0, 4;
    %pushi/vec4 0, 0, 1;
    %store/vec4 v0x555569ee7e30_0, 0, 1;
    %load/vec4 v0x555569ee7d70_0;
    %flag_set/vec4 8;
    %jmp/0xz  T_37.0, 8;
    %load/vec4 v0x555569eea030_0;
    %cmpi/e 1, 0, 1;
    %jmp/0xz  T_37.2, 4;
    %pushi/vec4 14, 0, 4;
    %store/vec4 v0x555569ee86b0_0, 0, 4;
    %jmp T_37.3;
T_37.2 ;
    %pushi/vec4 10, 0, 4;
    %store/vec4 v0x555569ee86b0_0, 0, 4;
T_37.3 ;
    %pushi/vec4 1, 0, 1;
    %store/vec4 v0x555569ee7e30_0, 0, 1;
    %jmp T_37.1;
T_37.0 ;
    %load/vec4 v0x555569ee85f0_0;
    %flag_set/vec4 8;
    %jmp/0xz  T_37.4, 8;
    %load/vec4 v0x555569ee81b0_0;
    %subi 1, 0, 4;
    %store/vec4 v0x555569ee86b0_0, 0, 4;
    %pushi/vec4 1, 0, 1;
    %store/vec4 v0x555569ee7e30_0, 0, 1;
T_37.4 ;
T_37.1 ;
    %end;
    .scope S_0x555569e3cd00;
t_16 %join;
    %jmp T_37;
    .thread T_37, $push;
    .scope S_0x555569e3cd00;
T_38 ;
    %wait E_0x555569f038a0;
    %fork t_19, S_0x555569e3c840;
    %jmp t_18;
    .scope S_0x555569e3c840;
t_19 ;
    %pushi/vec4 0, 0, 1;
    %store/vec4 v0x555569ee74f0_0, 0, 1;
    %pushi/vec4 0, 0, 1;
    %store/vec4 v0x555569ee6c70_0, 0, 1;
    %pushi/vec4 0, 0, 1;
    %store/vec4 v0x555569ee85f0_0, 0, 1;
    %pushi/vec4 0, 0, 1;
    %store/vec4 v0x555569ee7d70_0, 0, 1;
    %pushi/vec4 0, 0, 1;
    %store/vec4 v0x555569ee9370_0, 0, 1;
    %pushi/vec4 0, 0, 1;
    %store/vec4 v0x555569ee8f30_0, 0, 1;
    %pushi/vec4 0, 0, 3;
    %store/vec4 v0x555569ee63f0_0, 0, 3;
    %pushi/vec4 0, 0, 2;
    %store/vec4 v0x555569eea7f0_0, 0, 2;
    %pushi/vec4 0, 0, 1;
    %store/vec4 v0x555569ee9f70_0, 0, 1;
    %load/vec4 v0x555569eea3b0_0;
    %dup/vec4;
    %pushi/vec4 0, 0, 2;
    %cmp/u;
    %jmp/1 T_38.0, 6;
    %dup/vec4;
    %pushi/vec4 1, 0, 2;
    %cmp/u;
    %jmp/1 T_38.1, 6;
    %dup/vec4;
    %pushi/vec4 2, 0, 2;
    %cmp/u;
    %jmp/1 T_38.2, 6;
    %dup/vec4;
    %pushi/vec4 3, 0, 2;
    %cmp/u;
    %jmp/1 T_38.3, 6;
    %jmp T_38.5;
T_38.0 ;
    %load/vec4 v0x555569ee97b0_0;
    %flag_set/vec4 8;
    %jmp/0xz  T_38.6, 8;
    %pushi/vec4 1, 0, 1;
    %store/vec4 v0x555569ee7d70_0, 0, 1;
    %pushi/vec4 0, 0, 1;
    %store/vec4 v0x555569ee9370_0, 0, 1;
    %pushi/vec4 1, 0, 1;
    %store/vec4 v0x555569ee8f30_0, 0, 1;
    %pushi/vec4 1, 0, 2;
    %store/vec4 v0x555569eea7f0_0, 0, 2;
    %pushi/vec4 1, 0, 1;
    %store/vec4 v0x555569ee9f70_0, 0, 1;
T_38.6 ;
    %jmp T_38.5;
T_38.1 ;
    %pushi/vec4 1, 0, 1;
    %store/vec4 v0x555569ee6c70_0, 0, 1;
    %pushi/vec4 1, 0, 3;
    %store/vec4 v0x555569ee63f0_0, 0, 3;
    %pushi/vec4 2, 0, 2;
    %store/vec4 v0x555569eea7f0_0, 0, 2;
    %pushi/vec4 1, 0, 1;
    %store/vec4 v0x555569ee9f70_0, 0, 1;
    %jmp T_38.5;
T_38.2 ;
    %pushi/vec4 1, 0, 1;
    %store/vec4 v0x555569ee74f0_0, 0, 1;
    %pushi/vec4 2, 0, 3;
    %store/vec4 v0x555569ee63f0_0, 0, 3;
    %load/vec4 v0x555569ee70b0_0;
    %cmpi/e 3, 0, 2;
    %jmp/0xz  T_38.8, 4;
    %pushi/vec4 1, 0, 1;
    %store/vec4 v0x555569ee85f0_0, 0, 1;
    %pushi/vec4 3, 0, 2;
    %store/vec4 v0x555569eea7f0_0, 0, 2;
    %pushi/vec4 1, 0, 1;
    %store/vec4 v0x555569ee9f70_0, 0, 1;
T_38.8 ;
    %jmp T_38.5;
T_38.3 ;
    %pushi/vec4 1, 0, 1;
    %store/vec4 v0x555569ee6c70_0, 0, 1;
    %load/vec4 v0x555569ee81b0_0;
    %pad/u 32;
    %cmpi/u 0, 0, 32;
    %flag_or 5, 4; GT is !LE
    %flag_inv 5;
    %jmp/0xz  T_38.10, 5;
    %pushi/vec4 3, 0, 3;
    %store/vec4 v0x555569ee63f0_0, 0, 3;
    %pushi/vec4 2, 0, 2;
    %store/vec4 v0x555569eea7f0_0, 0, 2;
    %pushi/vec4 1, 0, 1;
    %store/vec4 v0x555569ee9f70_0, 0, 1;
    %jmp T_38.11;
T_38.10 ;
    %pushi/vec4 4, 0, 3;
    %store/vec4 v0x555569ee63f0_0, 0, 3;
    %pushi/vec4 1, 0, 1;
    %store/vec4 v0x555569ee9370_0, 0, 1;
    %pushi/vec4 1, 0, 1;
    %store/vec4 v0x555569ee8f30_0, 0, 1;
    %pushi/vec4 0, 0, 2;
    %store/vec4 v0x555569eea7f0_0, 0, 2;
    %pushi/vec4 1, 0, 1;
    %store/vec4 v0x555569ee9f70_0, 0, 1;
T_38.11 ;
    %jmp T_38.5;
T_38.5 ;
    %pop/vec4 1;
    %end;
    .scope S_0x555569e3cd00;
t_18 %join;
    %jmp T_38;
    .thread T_38, $push;
    .scope S_0x555569f16180;
T_39 ;
    %wait E_0x555569efe770;
    %fork t_21, S_0x555569f169d0;
    %jmp t_20;
    .scope S_0x555569f169d0;
t_21 ;
    %load/vec4 v0x555569ecc370_0;
    %nor/r;
    %flag_set/vec4 8;
    %jmp/0xz  T_39.0, 8;
    %pushi/vec4 0, 0, 32;
    %store/vec4 v0x555569ed47f0_0, 0, 32;
T_39.2 ; Top of for-loop
    %load/vec4 v0x555569ed47f0_0;
    %cmpi/s 14, 0, 32;
    %flag_or 5, 4;
	  %jmp/0xz T_39.3, 5;
    %pushi/vec4 0, 0, 128;
    %ix/getv/s 3, v0x555569ed47f0_0;
    %ix/load 4, 0, 0; Constant delay
    %assign/vec4/a/d v0x555569ecff90, 0, 4;
T_39.4 ; for-loop step statement
    %load/vec4 v0x555569ed47f0_0;
    %addi 1, 0, 32;
    %store/vec4 v0x555569ed47f0_0, 0, 32;
    %jmp T_39.2;
T_39.3 ; for-loop exit label
    %pushi/vec4 1, 0, 1;
    %assign/vec4 v0x555569ecc7b0_0, 0;
    %pushi/vec4 0, 0, 8;
    %assign/vec4 v0x555569ecd530_0, 0;
    %pushi/vec4 0, 0, 4;
    %assign/vec4 v0x555569ecb6b0_0, 0;
    %pushi/vec4 0, 0, 128;
    %assign/vec4 v0x555569ece570_0, 0;
    %pushi/vec4 0, 0, 128;
    %assign/vec4 v0x555569ecdcf0_0, 0;
    %pushi/vec4 0, 0, 3;
    %assign/vec4 v0x555569ecf670_0, 0;
    %jmp T_39.1;
T_39.0 ;
    %load/vec4 v0x555569ecc870_0;
    %flag_set/vec4 8;
    %jmp/0xz  T_39.5, 8;
    %load/vec4 v0x555569ecccb0_0;
    %assign/vec4 v0x555569ecc7b0_0, 0;
T_39.5 ;
    %load/vec4 v0x555569ecd0f0_0;
    %flag_set/vec4 8;
    %jmp/0xz  T_39.7, 8;
    %load/vec4 v0x555569ecd970_0;
    %assign/vec4 v0x555569ecd530_0, 0;
T_39.7 ;
    %load/vec4 v0x555569ecb330_0;
    %flag_set/vec4 8;
    %jmp/0xz  T_39.9, 8;
    %load/vec4 v0x555569ecbbb0_0;
    %assign/vec4 v0x555569ecb6b0_0, 0;
T_39.9 ;
    %load/vec4 v0x555569ecedf0_0;
    %flag_set/vec4 8;
    %jmp/0xz  T_39.11, 8;
    %load/vec4 v0x555569ecf2f0_0;
    %load/vec4 v0x555569ecb6b0_0;
    %pad/u 6;
    %ix/vec4 3;
    %ix/load 4, 0, 0; Constant delay
    %assign/vec4/a/d v0x555569ecff90, 0, 4;
T_39.11 ;
    %load/vec4 v0x555569ece130_0;
    %flag_set/vec4 8;
    %jmp/0xz  T_39.13, 8;
    %load/vec4 v0x555569ecea70_0;
    %assign/vec4 v0x555569ece570_0, 0;
T_39.13 ;
    %load/vec4 v0x555569ecd8b0_0;
    %flag_set/vec4 8;
    %jmp/0xz  T_39.15, 8;
    %load/vec4 v0x555569ece1f0_0;
    %assign/vec4 v0x555569ecdcf0_0, 0;
T_39.15 ;
    %load/vec4 v0x555569ecf230_0;
    %flag_set/vec4 8;
    %jmp/0xz  T_39.17, 8;
    %load/vec4 v0x555569ecfab0_0;
    %assign/vec4 v0x555569ecf670_0, 0;
T_39.17 ;
T_39.1 ;
    %end;
    .scope S_0x555569f16180;
t_20 %join;
    %jmp T_39;
    .thread T_39;
    .scope S_0x555569f16180;
T_40 ;
    %wait E_0x555569ed5080;
    %fork t_23, S_0x555569f166b0;
    %jmp t_22;
    .scope S_0x555569f166b0;
t_23 ;
    %load/vec4 v0x555569ecbf30_0;
    %pad/u 6;
    %ix/vec4 4;
    %load/vec4a v0x555569ecff90, 4;
    %store/vec4 v0x555569eca5b0_0, 0, 128;
    %end;
    .scope S_0x555569f16180;
t_22 %join;
    %jmp T_40;
    .thread T_40, $push;
    .scope S_0x555569f16180;
T_41 ;
    %wait E_0x555569edf260;
    %fork t_25, S_0x555569f16cf0;
    %jmp t_24;
    .scope S_0x555569f16cf0;
t_25 ;
    %pushi/vec4 0, 0, 128;
    %store/vec4 v0x555569ecf2f0_0, 0, 128;
    %pushi/vec4 0, 0, 1;
    %store/vec4 v0x555569ecedf0_0, 0, 1;
    %pushi/vec4 0, 0, 128;
    %store/vec4 v0x555569ecea70_0, 0, 128;
    %pushi/vec4 0, 0, 1;
    %store/vec4 v0x555569ece130_0, 0, 1;
    %pushi/vec4 0, 0, 128;
    %store/vec4 v0x555569ece1f0_0, 0, 128;
    %pushi/vec4 0, 0, 1;
    %store/vec4 v0x555569ecd8b0_0, 0, 1;
    %pushi/vec4 0, 0, 32;
    %store/vec4 v0x555569ed42f0_0, 0, 32;
    %pushi/vec4 0, 0, 32;
    %store/vec4 v0x555569ed3eb0_0, 0, 32;
    %pushi/vec4 0, 0, 32;
    %store/vec4 v0x555569ed3a70_0, 0, 32;
    %pushi/vec4 0, 0, 32;
    %store/vec4 v0x555569ed3b30_0, 0, 32;
    %pushi/vec4 1, 0, 1;
    %store/vec4 v0x555569ecd030_0, 0, 1;
    %pushi/vec4 0, 0, 1;
    %store/vec4 v0x555569ecd470_0, 0, 1;
    %load/vec4 v0x555569ece570_0;
    %parti/s 32, 96, 8;
    %store/vec4 v0x555569ed2530_0, 0, 32;
    %load/vec4 v0x555569ece570_0;
    %parti/s 32, 64, 8;
    %store/vec4 v0x555569ed20f0_0, 0, 32;
    %load/vec4 v0x555569ece570_0;
    %parti/s 32, 32, 7;
    %store/vec4 v0x555569ed1cb0_0, 0, 32;
    %load/vec4 v0x555569ece570_0;
    %parti/s 32, 0, 2;
    %store/vec4 v0x555569ed1870_0, 0, 32;
    %load/vec4 v0x555569ecdcf0_0;
    %parti/s 32, 96, 8;
    %store/vec4 v0x555569ed1430_0, 0, 32;
    %load/vec4 v0x555569ecdcf0_0;
    %parti/s 32, 64, 8;
    %store/vec4 v0x555569ed0ff0_0, 0, 32;
    %load/vec4 v0x555569ecdcf0_0;
    %parti/s 32, 32, 7;
    %store/vec4 v0x555569ed0bb0_0, 0, 32;
    %load/vec4 v0x555569ecdcf0_0;
    %parti/s 32, 0, 2;
    %store/vec4 v0x555569ed0770_0, 0, 32;
    %load/vec4 v0x555569ecd530_0;
    %concati/vec4 0, 0, 24;
    %store/vec4 v0x555569ed3630_0, 0, 32;
    %load/vec4 v0x555569ed0770_0;
    %store/vec4 v0x555569eca670_0, 0, 32;
    %load/vec4 v0x555569ece9b0_0;
    %parti/s 24, 0, 2;
    %load/vec4 v0x555569ece9b0_0;
    %parti/s 8, 24, 6;
    %concat/vec4; draw_concat_vec4
    %store/vec4 v0x555569ed31f0_0, 0, 32;
    %load/vec4 v0x555569ed31f0_0;
    %load/vec4 v0x555569ed3630_0;
    %xor;
    %store/vec4 v0x555569ed2db0_0, 0, 32;
    %load/vec4 v0x555569ece9b0_0;
    %store/vec4 v0x555569ed2970_0, 0, 32;
    %load/vec4 v0x555569eca9f0_0;
    %flag_set/vec4 8;
    %jmp/0xz  T_41.0, 8;
    %pushi/vec4 0, 0, 1;
    %store/vec4 v0x555569ecd030_0, 0, 1;
    %pushi/vec4 1, 0, 1;
    %store/vec4 v0x555569ecedf0_0, 0, 1;
    %load/vec4 v0x555569ecee90_0;
    %dup/vec4;
    %pushi/vec4 0, 0, 1;
    %cmp/u;
    %jmp/1 T_41.2, 6;
    %dup/vec4;
    %pushi/vec4 1, 0, 1;
    %cmp/u;
    %jmp/1 T_41.3, 6;
    %jmp T_41.5;
T_41.2 ;
    %load/vec4 v0x555569ecb6b0_0;
    %pad/u 32;
    %cmpi/e 0, 0, 32;
    %jmp/0xz  T_41.6, 4;
    %load/vec4 v0x555569ecfef0_0;
    %parti/s 128, 128, 9;
    %store/vec4 v0x555569ecf2f0_0, 0, 128;
    %load/vec4 v0x555569ecfef0_0;
    %parti/s 128, 128, 9;
    %store/vec4 v0x555569ece1f0_0, 0, 128;
    %pushi/vec4 1, 0, 1;
    %store/vec4 v0x555569ecd8b0_0, 0, 1;
    %pushi/vec4 1, 0, 1;
    %store/vec4 v0x555569ecd470_0, 0, 1;
    %jmp T_41.7;
T_41.6 ;
    %load/vec4 v0x555569ed1430_0;
    %load/vec4 v0x555569ed2db0_0;
    %xor;
    %store/vec4 v0x555569ed42f0_0, 0, 32;
    %load/vec4 v0x555569ed0ff0_0;
    %load/vec4 v0x555569ed1430_0;
    %xor;
    %load/vec4 v0x555569ed2db0_0;
    %xor;
    %store/vec4 v0x555569ed3eb0_0, 0, 32;
    %load/vec4 v0x555569ed0bb0_0;
    %load/vec4 v0x555569ed0ff0_0;
    %xor;
    %load/vec4 v0x555569ed1430_0;
    %xor;
    %load/vec4 v0x555569ed2db0_0;
    %xor;
    %store/vec4 v0x555569ed3a70_0, 0, 32;
    %load/vec4 v0x555569ed0770_0;
    %load/vec4 v0x555569ed0bb0_0;
    %xor;
    %load/vec4 v0x555569ed0ff0_0;
    %xor;
    %load/vec4 v0x555569ed1430_0;
    %xor;
    %load/vec4 v0x555569ed2db0_0;
    %xor;
    %store/vec4 v0x555569ed3b30_0, 0, 32;
    %load/vec4 v0x555569ed42f0_0;
    %load/vec4 v0x555569ed3eb0_0;
    %concat/vec4; draw_concat_vec4
    %load/vec4 v0x555569ed3a70_0;
    %concat/vec4; draw_concat_vec4
    %load/vec4 v0x555569ed3b30_0;
    %concat/vec4; draw_concat_vec4
    %store/vec4 v0x555569ecf2f0_0, 0, 128;
    %load/vec4 v0x555569ed42f0_0;
    %load/vec4 v0x555569ed3eb0_0;
    %concat/vec4; draw_concat_vec4
    %load/vec4 v0x555569ed3a70_0;
    %concat/vec4; draw_concat_vec4
    %load/vec4 v0x555569ed3b30_0;
    %concat/vec4; draw_concat_vec4
    %store/vec4 v0x555569ece1f0_0, 0, 128;
    %pushi/vec4 1, 0, 1;
    %store/vec4 v0x555569ecd8b0_0, 0, 1;
    %pushi/vec4 1, 0, 1;
    %store/vec4 v0x555569ecd470_0, 0, 1;
T_41.7 ;
    %jmp T_41.5;
T_41.3 ;
    %load/vec4 v0x555569ecb6b0_0;
    %pad/u 32;
    %cmpi/e 0, 0, 32;
    %jmp/0xz  T_41.8, 4;
    %load/vec4 v0x555569ecfef0_0;
    %parti/s 128, 128, 9;
    %store/vec4 v0x555569ecf2f0_0, 0, 128;
    %load/vec4 v0x555569ecfef0_0;
    %parti/s 128, 128, 9;
    %store/vec4 v0x555569ecea70_0, 0, 128;
    %pushi/vec4 1, 0, 1;
    %store/vec4 v0x555569ece130_0, 0, 1;
    %jmp T_41.9;
T_41.8 ;
    %load/vec4 v0x555569ecb6b0_0;
    %pad/u 32;
    %cmpi/e 1, 0, 32;
    %jmp/0xz  T_41.10, 4;
    %load/vec4 v0x555569ecfef0_0;
    %parti/s 128, 0, 2;
    %store/vec4 v0x555569ecf2f0_0, 0, 128;
    %load/vec4 v0x555569ecfef0_0;
    %parti/s 128, 0, 2;
    %store/vec4 v0x555569ece1f0_0, 0, 128;
    %pushi/vec4 1, 0, 1;
    %store/vec4 v0x555569ecd8b0_0, 0, 1;
    %pushi/vec4 1, 0, 1;
    %store/vec4 v0x555569ecd470_0, 0, 1;
    %jmp T_41.11;
T_41.10 ;
    %load/vec4 v0x555569ecb6b0_0;
    %parti/s 1, 0, 2;
    %pad/u 32;
    %cmpi/e 0, 0, 32;
    %jmp/0xz  T_41.12, 4;
    %load/vec4 v0x555569ed2530_0;
    %load/vec4 v0x555569ed2db0_0;
    %xor;
    %store/vec4 v0x555569ed42f0_0, 0, 32;
    %load/vec4 v0x555569ed20f0_0;
    %load/vec4 v0x555569ed2530_0;
    %xor;
    %load/vec4 v0x555569ed2db0_0;
    %xor;
    %store/vec4 v0x555569ed3eb0_0, 0, 32;
    %load/vec4 v0x555569ed1cb0_0;
    %load/vec4 v0x555569ed20f0_0;
    %xor;
    %load/vec4 v0x555569ed2530_0;
    %xor;
    %load/vec4 v0x555569ed2db0_0;
    %xor;
    %store/vec4 v0x555569ed3a70_0, 0, 32;
    %load/vec4 v0x555569ed1870_0;
    %load/vec4 v0x555569ed1cb0_0;
    %xor;
    %load/vec4 v0x555569ed20f0_0;
    %xor;
    %load/vec4 v0x555569ed2530_0;
    %xor;
    %load/vec4 v0x555569ed2db0_0;
    %xor;
    %store/vec4 v0x555569ed3b30_0, 0, 32;
    %jmp T_41.13;
T_41.12 ;
    %load/vec4 v0x555569ed2530_0;
    %load/vec4 v0x555569ed2970_0;
    %xor;
    %store/vec4 v0x555569ed42f0_0, 0, 32;
    %load/vec4 v0x555569ed20f0_0;
    %load/vec4 v0x555569ed2530_0;
    %xor;
    %load/vec4 v0x555569ed2970_0;
    %xor;
    %store/vec4 v0x555569ed3eb0_0, 0, 32;
    %load/vec4 v0x555569ed1cb0_0;
    %load/vec4 v0x555569ed20f0_0;
    %xor;
    %load/vec4 v0x555569ed2530_0;
    %xor;
    %load/vec4 v0x555569ed2970_0;
    %xor;
    %store/vec4 v0x555569ed3a70_0, 0, 32;
    %load/vec4 v0x555569ed1870_0;
    %load/vec4 v0x555569ed1cb0_0;
    %xor;
    %load/vec4 v0x555569ed20f0_0;
    %xor;
    %load/vec4 v0x555569ed2530_0;
    %xor;
    %load/vec4 v0x555569ed2970_0;
    %xor;
    %store/vec4 v0x555569ed3b30_0, 0, 32;
    %pushi/vec4 1, 0, 1;
    %store/vec4 v0x555569ecd470_0, 0, 1;
T_41.13 ;
    %load/vec4 v0x555569ed42f0_0;
    %load/vec4 v0x555569ed3eb0_0;
    %concat/vec4; draw_concat_vec4
    %load/vec4 v0x555569ed3a70_0;
    %concat/vec4; draw_concat_vec4
    %load/vec4 v0x555569ed3b30_0;
    %concat/vec4; draw_concat_vec4
    %store/vec4 v0x555569ecf2f0_0, 0, 128;
    %load/vec4 v0x555569ed42f0_0;
    %load/vec4 v0x555569ed3eb0_0;
    %concat/vec4; draw_concat_vec4
    %load/vec4 v0x555569ed3a70_0;
    %concat/vec4; draw_concat_vec4
    %load/vec4 v0x555569ed3b30_0;
    %concat/vec4; draw_concat_vec4
    %store/vec4 v0x555569ece1f0_0, 0, 128;
    %pushi/vec4 1, 0, 1;
    %store/vec4 v0x555569ecd8b0_0, 0, 1;
    %load/vec4 v0x555569ecdcf0_0;
    %store/vec4 v0x555569ecea70_0, 0, 128;
    %pushi/vec4 1, 0, 1;
    %store/vec4 v0x555569ece130_0, 0, 1;
T_41.11 ;
T_41.9 ;
    %jmp T_41.5;
T_41.5 ;
    %pop/vec4 1;
T_41.0 ;
    %end;
    .scope S_0x555569f16180;
t_24 %join;
    %jmp T_41;
    .thread T_41, $push;
    .scope S_0x555569f16180;
T_42 ;
    %wait E_0x555569edee20;
    %fork t_27, S_0x555569f16840;
    %jmp t_26;
    .scope S_0x555569f16840;
t_27 ;
    %pushi/vec4 0, 0, 8;
    %store/vec4 v0x555569ecd970_0, 0, 8;
    %pushi/vec4 0, 0, 1;
    %store/vec4 v0x555569ecd0f0_0, 0, 1;
    %load/vec4 v0x555569ecd530_0;
    %parti/s 7, 0, 2;
    %concati/vec4 0, 0, 1;
    %pushi/vec4 27, 0, 8;
    %load/vec4 v0x555569ecd530_0;
    %parti/s 1, 7, 4;
    %replicate 8;
    %and;
    %xor;
    %store/vec4 v0x555569ed4730_0, 0, 8;
    %load/vec4 v0x555569ecd030_0;
    %flag_set/vec4 8;
    %jmp/0xz  T_42.0, 8;
    %pushi/vec4 141, 0, 8;
    %store/vec4 v0x555569ecd970_0, 0, 8;
    %pushi/vec4 1, 0, 1;
    %store/vec4 v0x555569ecd0f0_0, 0, 1;
T_42.0 ;
    %load/vec4 v0x555569ecd470_0;
    %flag_set/vec4 8;
    %jmp/0xz  T_42.2, 8;
    %load/vec4 v0x555569ed4730_0;
    %store/vec4 v0x555569ecd970_0, 0, 8;
    %pushi/vec4 1, 0, 1;
    %store/vec4 v0x555569ecd0f0_0, 0, 1;
T_42.2 ;
    %end;
    .scope S_0x555569f16180;
t_26 %join;
    %jmp T_42;
    .thread T_42, $push;
    .scope S_0x555569f16180;
T_43 ;
    %wait E_0x555569edf6a0;
    %fork t_29, S_0x555569f16b60;
    %jmp t_28;
    .scope S_0x555569f16b60;
t_29 ;
    %pushi/vec4 0, 0, 4;
    %store/vec4 v0x555569ecbbb0_0, 0, 4;
    %pushi/vec4 0, 0, 1;
    %store/vec4 v0x555569ecb330_0, 0, 1;
    %load/vec4 v0x555569ecb270_0;
    %flag_set/vec4 8;
    %jmp/0xz  T_43.0, 8;
    %pushi/vec4 0, 0, 4;
    %store/vec4 v0x555569ecbbb0_0, 0, 4;
    %pushi/vec4 1, 0, 1;
    %store/vec4 v0x555569ecb330_0, 0, 1;
    %jmp T_43.1;
T_43.0 ;
    %load/vec4 v0x555569ecbaf0_0;
    %flag_set/vec4 8;
    %jmp/0xz  T_43.2, 8;
    %load/vec4 v0x555569ecb6b0_0;
    %addi 1, 0, 4;
    %store/vec4 v0x555569ecbbb0_0, 0, 4;
    %pushi/vec4 1, 0, 1;
    %store/vec4 v0x555569ecb330_0, 0, 1;
T_43.2 ;
T_43.1 ;
    %end;
    .scope S_0x555569f16180;
t_28 %join;
    %jmp T_43;
    .thread T_43, $push;
    .scope S_0x555569f16180;
T_44 ;
    %wait E_0x555569ee4760;
    %fork t_31, S_0x555569f16520;
    %jmp t_30;
    .scope S_0x555569f16520;
t_31 ;
    %pushi/vec4 0, 0, 1;
    %store/vec4 v0x555569ecccb0_0, 0, 1;
    %pushi/vec4 0, 0, 1;
    %store/vec4 v0x555569ecc870_0, 0, 1;
    %pushi/vec4 0, 0, 1;
    %store/vec4 v0x555569eca9f0_0, 0, 1;
    %pushi/vec4 0, 0, 1;
    %store/vec4 v0x555569ecb270_0, 0, 1;
    %pushi/vec4 0, 0, 1;
    %store/vec4 v0x555569ecbaf0_0, 0, 1;
    %pushi/vec4 0, 0, 3;
    %store/vec4 v0x555569ecfab0_0, 0, 3;
    %pushi/vec4 0, 0, 1;
    %store/vec4 v0x555569ecf230_0, 0, 1;
    %load/vec4 v0x555569ecee90_0;
    %cmpi/e 0, 0, 1;
    %jmp/0xz  T_44.0, 4;
    %pushi/vec4 10, 0, 4;
    %store/vec4 v0x555569ed4b70_0, 0, 4;
    %jmp T_44.1;
T_44.0 ;
    %pushi/vec4 14, 0, 4;
    %store/vec4 v0x555569ed4b70_0, 0, 4;
T_44.1 ;
    %load/vec4 v0x555569ecf670_0;
    %dup/vec4;
    %pushi/vec4 0, 0, 3;
    %cmp/u;
    %jmp/1 T_44.2, 6;
    %dup/vec4;
    %pushi/vec4 1, 0, 3;
    %cmp/u;
    %jmp/1 T_44.3, 6;
    %dup/vec4;
    %pushi/vec4 2, 0, 3;
    %cmp/u;
    %jmp/1 T_44.4, 6;
    %dup/vec4;
    %pushi/vec4 3, 0, 3;
    %cmp/u;
    %jmp/1 T_44.5, 6;
    %jmp T_44.7;
T_44.2 ;
    %load/vec4 v0x555569ed03f0_0;
    %flag_set/vec4 8;
    %jmp/0xz  T_44.8, 8;
    %pushi/vec4 0, 0, 1;
    %store/vec4 v0x555569ecccb0_0, 0, 1;
    %pushi/vec4 1, 0, 1;
    %store/vec4 v0x555569ecc870_0, 0, 1;
    %pushi/vec4 1, 0, 3;
    %store/vec4 v0x555569ecfab0_0, 0, 3;
    %pushi/vec4 1, 0, 1;
    %store/vec4 v0x555569ecf230_0, 0, 1;
T_44.8 ;
    %jmp T_44.7;
T_44.3 ;
    %pushi/vec4 1, 0, 1;
    %store/vec4 v0x555569ecb270_0, 0, 1;
    %pushi/vec4 2, 0, 3;
    %store/vec4 v0x555569ecfab0_0, 0, 3;
    %pushi/vec4 1, 0, 1;
    %store/vec4 v0x555569ecf230_0, 0, 1;
    %jmp T_44.7;
T_44.4 ;
    %pushi/vec4 1, 0, 1;
    %store/vec4 v0x555569ecbaf0_0, 0, 1;
    %pushi/vec4 1, 0, 1;
    %store/vec4 v0x555569eca9f0_0, 0, 1;
    %load/vec4 v0x555569ecb6b0_0;
    %load/vec4 v0x555569ed4b70_0;
    %cmp/e;
    %jmp/0xz  T_44.10, 4;
    %pushi/vec4 3, 0, 3;
    %store/vec4 v0x555569ecfab0_0, 0, 3;
    %pushi/vec4 1, 0, 1;
    %store/vec4 v0x555569ecf230_0, 0, 1;
T_44.10 ;
    %jmp T_44.7;
T_44.5 ;
    %pushi/vec4 1, 0, 1;
    %store/vec4 v0x555569ecccb0_0, 0, 1;
    %pushi/vec4 1, 0, 1;
    %store/vec4 v0x555569ecc870_0, 0, 1;
    %pushi/vec4 0, 0, 3;
    %store/vec4 v0x555569ecfab0_0, 0, 3;
    %pushi/vec4 1, 0, 1;
    %store/vec4 v0x555569ecf230_0, 0, 1;
    %jmp T_44.7;
T_44.7 ;
    %pop/vec4 1;
    %end;
    .scope S_0x555569f16180;
t_30 %join;
    %jmp T_44;
    .thread T_44, $push;
    .scope S_0x555569ea0cd0;
T_45 ;
    %wait E_0x555569efe770;
    %fork t_33, S_0x555569f17090;
    %jmp t_32;
    .scope S_0x555569f17090;
t_33 ;
    %load/vec4 v0x555569e93c30_0;
    %nor/r;
    %flag_set/vec4 8;
    %jmp/0xz  T_45.0, 8;
    %pushi/vec4 0, 0, 1;
    %assign/vec4 v0x555569e933b0_0, 0;
    %pushi/vec4 1, 0, 1;
    %assign/vec4 v0x555569e94070_0, 0;
    %pushi/vec4 0, 0, 2;
    %assign/vec4 v0x555569e984d0_0, 0;
    %jmp T_45.1;
T_45.0 ;
    %load/vec4 v0x555569e93450_0;
    %flag_set/vec4 8;
    %jmp/0xz  T_45.2, 8;
    %load/vec4 v0x555569e938b0_0;
    %assign/vec4 v0x555569e933b0_0, 0;
T_45.2 ;
    %load/vec4 v0x555569e94130_0;
    %flag_set/vec4 8;
    %jmp/0xz  T_45.4, 8;
    %load/vec4 v0x555569e94570_0;
    %assign/vec4 v0x555569e94070_0, 0;
T_45.4 ;
    %load/vec4 v0x555569e98030_0;
    %flag_set/vec4 8;
    %jmp/0xz  T_45.6, 8;
    %load/vec4 v0x555569e98980_0;
    %assign/vec4 v0x555569e984d0_0, 0;
T_45.6 ;
T_45.1 ;
    %end;
    .scope S_0x555569ea0cd0;
t_32 %join;
    %jmp T_45;
    .thread T_45;
    .scope S_0x555569ea0cd0;
T_46 ;
    %wait E_0x555569f03ce0;
    %fork t_35, S_0x555569f17bc0;
    %jmp t_34;
    .scope S_0x555569f17bc0;
t_35 ;
    %load/vec4 v0x555569e96310_0;
    %flag_set/vec4 8;
    %jmp/0xz  T_46.0, 8;
    %load/vec4 v0x555569e95650_0;
    %store/vec4 v0x555569e94dd0_0, 0, 32;
    %jmp T_46.1;
T_46.0 ;
    %load/vec4 v0x555569e966b0_0;
    %store/vec4 v0x555569e94dd0_0, 0, 32;
T_46.1 ;
    %end;
    .scope S_0x555569ea0cd0;
t_34 %join;
    %jmp T_46;
    .thread T_46, $push;
    .scope S_0x555569ea0cd0;
T_47 ;
    %wait E_0x555569c922e0;
    %fork t_37, S_0x555569f15ff0;
    %jmp t_36;
    .scope S_0x555569f15ff0;
t_37 ;
    %pushi/vec4 0, 0, 1;
    %store/vec4 v0x555569e96fd0_0, 0, 1;
    %pushi/vec4 0, 0, 1;
    %store/vec4 v0x555569e97870_0, 0, 1;
    %load/vec4 v0x555569e96750_0;
    %flag_set/vec4 8;
    %jmp/0xz  T_47.0, 8;
    %load/vec4 v0x555569e94990_0;
    %store/vec4 v0x555569e96fd0_0, 0, 1;
    %load/vec4 v0x555569e96b90_0;
    %store/vec4 v0x555569e94d30_0, 0, 4;
    %load/vec4 v0x555569e96f30_0;
    %store/vec4 v0x555569e95170_0, 0, 128;
    %load/vec4 v0x555569e96af0_0;
    %store/vec4 v0x555569e95210_0, 0, 1;
    %jmp T_47.1;
T_47.0 ;
    %load/vec4 v0x555569e94990_0;
    %store/vec4 v0x555569e97870_0, 0, 1;
    %load/vec4 v0x555569e97410_0;
    %store/vec4 v0x555569e94d30_0, 0, 4;
    %load/vec4 v0x555569e977b0_0;
    %store/vec4 v0x555569e95170_0, 0, 128;
    %load/vec4 v0x555569e97370_0;
    %store/vec4 v0x555569e95210_0, 0, 1;
T_47.1 ;
    %end;
    .scope S_0x555569ea0cd0;
t_36 %join;
    %jmp T_47;
    .thread T_47, $push;
    .scope S_0x555569ea0cd0;
T_48 ;
    %wait E_0x555569ca7db0;
    %fork t_39, S_0x555569e3d1c0;
    %jmp t_38;
    .scope S_0x555569e3d1c0;
t_39 ;
    %pushi/vec4 0, 0, 1;
    %store/vec4 v0x555569e96310_0, 0, 1;
    %pushi/vec4 0, 0, 1;
    %store/vec4 v0x555569e94570_0, 0, 1;
    %pushi/vec4 0, 0, 1;
    %store/vec4 v0x555569e94130_0, 0, 1;
    %pushi/vec4 0, 0, 1;
    %store/vec4 v0x555569e938b0_0, 0, 1;
    %pushi/vec4 0, 0, 1;
    %store/vec4 v0x555569e93450_0, 0, 1;
    %pushi/vec4 0, 0, 2;
    %store/vec4 v0x555569e98980_0, 0, 2;
    %pushi/vec4 0, 0, 1;
    %store/vec4 v0x555569e98030_0, 0, 1;
    %load/vec4 v0x555569e984d0_0;
    %dup/vec4;
    %pushi/vec4 0, 0, 2;
    %cmp/u;
    %jmp/1 T_48.0, 6;
    %dup/vec4;
    %pushi/vec4 1, 0, 2;
    %cmp/u;
    %jmp/1 T_48.1, 6;
    %dup/vec4;
    %pushi/vec4 2, 0, 2;
    %cmp/u;
    %jmp/1 T_48.2, 6;
    %jmp T_48.4;
T_48.0 ;
    %load/vec4 v0x555569e96270_0;
    %flag_set/vec4 8;
    %jmp/0xz  T_48.5, 8;
    %pushi/vec4 1, 0, 1;
    %store/vec4 v0x555569e96310_0, 0, 1;
    %pushi/vec4 0, 0, 1;
    %store/vec4 v0x555569e94570_0, 0, 1;
    %pushi/vec4 1, 0, 1;
    %store/vec4 v0x555569e94130_0, 0, 1;
    %pushi/vec4 0, 0, 1;
    %store/vec4 v0x555569e938b0_0, 0, 1;
    %pushi/vec4 1, 0, 1;
    %store/vec4 v0x555569e93450_0, 0, 1;
    %pushi/vec4 1, 0, 2;
    %store/vec4 v0x555569e98980_0, 0, 2;
    %pushi/vec4 1, 0, 1;
    %store/vec4 v0x555569e98030_0, 0, 1;
    %jmp T_48.6;
T_48.5 ;
    %load/vec4 v0x555569e94990_0;
    %flag_set/vec4 8;
    %jmp/0xz  T_48.7, 8;
    %pushi/vec4 0, 0, 1;
    %store/vec4 v0x555569e96310_0, 0, 1;
    %pushi/vec4 0, 0, 1;
    %store/vec4 v0x555569e94570_0, 0, 1;
    %pushi/vec4 1, 0, 1;
    %store/vec4 v0x555569e94130_0, 0, 1;
    %pushi/vec4 0, 0, 1;
    %store/vec4 v0x555569e938b0_0, 0, 1;
    %pushi/vec4 1, 0, 1;
    %store/vec4 v0x555569e93450_0, 0, 1;
    %pushi/vec4 2, 0, 2;
    %store/vec4 v0x555569e98980_0, 0, 2;
    %pushi/vec4 1, 0, 1;
    %store/vec4 v0x555569e98030_0, 0, 1;
T_48.7 ;
T_48.6 ;
    %jmp T_48.4;
T_48.1 ;
    %pushi/vec4 1, 0, 1;
    %store/vec4 v0x555569e96310_0, 0, 1;
    %load/vec4 v0x555569e95a90_0;
    %flag_set/vec4 8;
    %jmp/0xz  T_48.9, 8;
    %pushi/vec4 1, 0, 1;
    %store/vec4 v0x555569e94570_0, 0, 1;
    %pushi/vec4 1, 0, 1;
    %store/vec4 v0x555569e94130_0, 0, 1;
    %pushi/vec4 0, 0, 2;
    %store/vec4 v0x555569e98980_0, 0, 2;
    %pushi/vec4 1, 0, 1;
    %store/vec4 v0x555569e98030_0, 0, 1;
T_48.9 ;
    %jmp T_48.4;
T_48.2 ;
    %pushi/vec4 0, 0, 1;
    %store/vec4 v0x555569e96310_0, 0, 1;
    %load/vec4 v0x555569e95210_0;
    %flag_set/vec4 8;
    %jmp/0xz  T_48.11, 8;
    %pushi/vec4 1, 0, 1;
    %store/vec4 v0x555569e94570_0, 0, 1;
    %pushi/vec4 1, 0, 1;
    %store/vec4 v0x555569e94130_0, 0, 1;
    %pushi/vec4 1, 0, 1;
    %store/vec4 v0x555569e938b0_0, 0, 1;
    %pushi/vec4 1, 0, 1;
    %store/vec4 v0x555569e93450_0, 0, 1;
    %pushi/vec4 0, 0, 2;
    %store/vec4 v0x555569e98980_0, 0, 2;
    %pushi/vec4 1, 0, 1;
    %store/vec4 v0x555569e98030_0, 0, 1;
T_48.11 ;
    %jmp T_48.4;
T_48.4 ;
    %pop/vec4 1;
    %end;
    .scope S_0x555569ea0cd0;
t_38 %join;
    %jmp T_48;
    .thread T_48, $push;
    .scope S_0x555569e45680;
T_49 ;
    %wait E_0x555569efe770;
    %fork t_41, S_0x555569f17f60;
    %jmp t_40;
    .scope S_0x555569f17f60;
t_41 ;
    %load/vec4 v0x555569e8e730_0;
    %nor/r;
    %flag_set/vec4 8;
    %jmp/0xz  T_49.0, 8;
    %pushi/vec4 0, 0, 32;
    %store/vec4 v0x555569e92bf0_0, 0, 32;
T_49.2 ; Top of for-loop
    %load/vec4 v0x555569e92bf0_0;
    %cmpi/s 4, 0, 32;
	  %jmp/0xz T_49.3, 5;
    %pushi/vec4 0, 0, 32;
    %ix/getv/s 3, v0x555569e92bf0_0;
    %ix/load 4, 0, 0; Constant delay
    %assign/vec4/a/d v0x555569e922b0, 0, 4;
T_49.4 ; for-loop step statement
    %load/vec4 v0x555569e92bf0_0;
    %addi 1, 0, 32;
    %store/vec4 v0x555569e92bf0_0, 0, 32;
    %jmp T_49.2;
T_49.3 ; for-loop exit label
    %pushi/vec4 0, 0, 32;
    %store/vec4 v0x555569e92bf0_0, 0, 32;
T_49.5 ; Top of for-loop
    %load/vec4 v0x555569e92bf0_0;
    %cmpi/s 8, 0, 32;
	  %jmp/0xz T_49.6, 5;
    %pushi/vec4 0, 0, 32;
    %ix/getv/s 3, v0x555569e92bf0_0;
    %ix/load 4, 0, 0; Constant delay
    %assign/vec4/a/d v0x555569e8fd30, 0, 4;
T_49.7 ; for-loop step statement
    %load/vec4 v0x555569e92bf0_0;
    %addi 1, 0, 32;
    %store/vec4 v0x555569e92bf0_0, 0, 32;
    %jmp T_49.5;
T_49.6 ; for-loop exit label
    %pushi/vec4 0, 0, 1;
    %assign/vec4 v0x555569e8fc70_0, 0;
    %pushi/vec4 0, 0, 1;
    %assign/vec4 v0x555569e8efb0_0, 0;
    %pushi/vec4 0, 0, 1;
    %assign/vec4 v0x555569e900b0_0, 0;
    %pushi/vec4 0, 0, 1;
    %assign/vec4 v0x555569e8f3f0_0, 0;
    %pushi/vec4 0, 0, 128;
    %assign/vec4 v0x555569e8e7d0_0, 0;
    %pushi/vec4 0, 0, 1;
    %assign/vec4 v0x555569e8deb0_0, 0;
    %pushi/vec4 0, 0, 1;
    %assign/vec4 v0x555569e8eb90_0, 0;
    %jmp T_49.1;
T_49.0 ;
    %load/vec4 v0x555569e90930_0;
    %assign/vec4 v0x555569e8eb90_0, 0;
    %load/vec4 v0x555569e904f0_0;
    %assign/vec4 v0x555569e8deb0_0, 0;
    %load/vec4 v0x555569e909d0_0;
    %assign/vec4 v0x555569e8e7d0_0, 0;
    %load/vec4 v0x555569e90150_0;
    %assign/vec4 v0x555569e8fc70_0, 0;
    %load/vec4 v0x555569e8f4b0_0;
    %assign/vec4 v0x555569e8efb0_0, 0;
    %load/vec4 v0x555569e91a30_0;
    %flag_set/vec4 8;
    %jmp/0xz  T_49.8, 8;
    %load/vec4 v0x555569e8da70_0;
    %parti/s 1, 0, 2;
    %assign/vec4 v0x555569e900b0_0, 0;
    %load/vec4 v0x555569e8da70_0;
    %parti/s 1, 1, 2;
    %assign/vec4 v0x555569e8f3f0_0, 0;
T_49.8 ;
    %load/vec4 v0x555569e8f890_0;
    %flag_set/vec4 8;
    %jmp/0xz  T_49.10, 8;
    %load/vec4 v0x555569e8da70_0;
    %load/vec4 v0x555569e92730_0;
    %parti/s 3, 0, 2;
    %pad/u 5;
    %ix/vec4 3;
    %ix/load 4, 0, 0; Constant delay
    %assign/vec4/a/d v0x555569e8fd30, 0, 4;
T_49.10 ;
    %load/vec4 v0x555569e91e70_0;
    %flag_set/vec4 8;
    %jmp/0xz  T_49.12, 8;
    %load/vec4 v0x555569e8da70_0;
    %load/vec4 v0x555569e92730_0;
    %parti/s 2, 0, 2;
    %pad/u 4;
    %ix/vec4 3;
    %ix/load 4, 0, 0; Constant delay
    %assign/vec4/a/d v0x555569e922b0, 0, 4;
T_49.12 ;
T_49.1 ;
    %end;
    .scope S_0x555569e45680;
t_40 %join;
    %jmp T_49;
    .thread T_49;
    .scope S_0x555569e45680;
T_50 ;
    %wait E_0x555569ca78a0;
    %fork t_43, S_0x555569e45290;
    %jmp t_42;
    .scope S_0x555569e45290;
t_43 ;
    %pushi/vec4 0, 0, 1;
    %store/vec4 v0x555569e90150_0, 0, 1;
    %pushi/vec4 0, 0, 1;
    %store/vec4 v0x555569e8f4b0_0, 0, 1;
    %pushi/vec4 0, 0, 1;
    %store/vec4 v0x555569e91a30_0, 0, 1;
    %pushi/vec4 0, 0, 1;
    %store/vec4 v0x555569e8f890_0, 0, 1;
    %pushi/vec4 0, 0, 1;
    %store/vec4 v0x555569e91e70_0, 0, 1;
    %pushi/vec4 0, 0, 32;
    %store/vec4 v0x555569e8e2f0_0, 0, 32;
    %load/vec4 v0x555569e90590_0;
    %flag_set/vec4 8;
    %jmp/0xz  T_50.0, 8;
    %load/vec4 v0x555569e8df70_0;
    %flag_set/vec4 8;
    %jmp/0xz  T_50.2, 8;
    %load/vec4 v0x555569e92730_0;
    %cmpi/e 8, 0, 8;
    %jmp/0xz  T_50.4, 4;
    %load/vec4 v0x555569e8da70_0;
    %parti/s 1, 0, 2;
    %store/vec4 v0x555569e90150_0, 0, 1;
    %load/vec4 v0x555569e8da70_0;
    %parti/s 1, 1, 2;
    %store/vec4 v0x555569e8f4b0_0, 0, 1;
T_50.4 ;
    %load/vec4 v0x555569e92730_0;
    %cmpi/e 10, 0, 8;
    %jmp/0xz  T_50.6, 4;
    %pushi/vec4 1, 0, 1;
    %store/vec4 v0x555569e91a30_0, 0, 1;
T_50.6 ;
    %load/vec4 v0x555569e92730_0;
    %cmpi/u 16, 0, 8;
    %flag_inv 5; GE is !LT
    %flag_get/vec4 5;
    %jmp/0 T_50.10, 5;
    %load/vec4 v0x555569e92730_0;
    %cmpi/u 23, 0, 8;
    %flag_get/vec4 4;
    %flag_get/vec4 5;
    %or;
    %and;
T_50.10;
    %flag_set/vec4 8;
    %jmp/0xz  T_50.8, 8;
    %pushi/vec4 1, 0, 1;
    %store/vec4 v0x555569e8f890_0, 0, 1;
T_50.8 ;
    %load/vec4 v0x555569e92730_0;
    %cmpi/u 32, 0, 8;
    %flag_inv 5; GE is !LT
    %flag_get/vec4 5;
    %jmp/0 T_50.13, 5;
    %load/vec4 v0x555569e92730_0;
    %cmpi/u 35, 0, 8;
    %flag_get/vec4 4;
    %flag_get/vec4 5;
    %or;
    %and;
T_50.13;
    %flag_set/vec4 8;
    %jmp/0xz  T_50.11, 8;
    %pushi/vec4 1, 0, 1;
    %store/vec4 v0x555569e91e70_0, 0, 1;
T_50.11 ;
    %jmp T_50.3;
T_50.2 ;
    %load/vec4 v0x555569e92730_0;
    %dup/vec4;
    %pushi/vec4 0, 0, 8;
    %cmp/u;
    %jmp/1 T_50.14, 6;
    %dup/vec4;
    %pushi/vec4 1, 0, 8;
    %cmp/u;
    %jmp/1 T_50.15, 6;
    %dup/vec4;
    %pushi/vec4 2, 0, 8;
    %cmp/u;
    %jmp/1 T_50.16, 6;
    %dup/vec4;
    %pushi/vec4 8, 0, 8;
    %cmp/u;
    %jmp/1 T_50.17, 6;
    %dup/vec4;
    %pushi/vec4 9, 0, 8;
    %cmp/u;
    %jmp/1 T_50.18, 6;
    %jmp T_50.20;
T_50.14 ;
    %pushi/vec4 1634038560, 0, 32;
    %store/vec4 v0x555569e8e2f0_0, 0, 32;
    %jmp T_50.20;
T_50.15 ;
    %pushi/vec4 538976288, 0, 32;
    %store/vec4 v0x555569e8e2f0_0, 0, 32;
    %jmp T_50.20;
T_50.16 ;
    %pushi/vec4 808334896, 0, 32;
    %store/vec4 v0x555569e8e2f0_0, 0, 32;
    %jmp T_50.20;
T_50.17 ;
    %pushi/vec4 0, 0, 28;
    %load/vec4 v0x555569e8f3f0_0;
    %concat/vec4; draw_concat_vec4
    %load/vec4 v0x555569e900b0_0;
    %concat/vec4; draw_concat_vec4
    %load/vec4 v0x555569e8efb0_0;
    %concat/vec4; draw_concat_vec4
    %load/vec4 v0x555569e8fc70_0;
    %concat/vec4; draw_concat_vec4
    %store/vec4 v0x555569e8e2f0_0, 0, 32;
    %jmp T_50.20;
T_50.18 ;
    %pushi/vec4 0, 0, 30;
    %load/vec4 v0x555569e8deb0_0;
    %concat/vec4; draw_concat_vec4
    %load/vec4 v0x555569e8eb90_0;
    %concat/vec4; draw_concat_vec4
    %store/vec4 v0x555569e8e2f0_0, 0, 32;
    %jmp T_50.20;
T_50.20 ;
    %pop/vec4 1;
    %load/vec4 v0x555569e92730_0;
    %cmpi/u 48, 0, 8;
    %flag_inv 5; GE is !LT
    %flag_get/vec4 5;
    %jmp/0 T_50.23, 5;
    %load/vec4 v0x555569e92730_0;
    %cmpi/u 51, 0, 8;
    %flag_get/vec4 4;
    %flag_get/vec4 5;
    %or;
    %and;
T_50.23;
    %flag_set/vec4 8;
    %jmp/0xz  T_50.21, 8;
    %load/vec4 v0x555569e8e7d0_0;
    %pushi/vec4 3, 0, 32;
    %load/vec4 v0x555569e92730_0;
    %pad/u 32;
    %subi 48, 0, 32;
    %sub;
    %muli 32, 0, 32;
    %part/u 32;
    %store/vec4 v0x555569e8e2f0_0, 0, 32;
T_50.21 ;
T_50.3 ;
T_50.0 ;
    %end;
    .scope S_0x555569e45680;
t_42 %join;
    %jmp T_50;
    .thread T_50, $push;
    .scope S_0x555569e3f530;
T_51 ;
    %fork t_45, S_0x555569e3b870;
    %jmp t_44;
    .scope S_0x555569e3b870;
t_45 ;
    %delay 1, 0;
    %load/vec4 v0x555569e89ab0_0;
    %nor/r;
    %store/vec4 v0x555569e89ab0_0, 0, 1;
    %end;
    .scope S_0x555569e3f530;
t_44 %join;
    %jmp T_51;
    .thread T_51;
    .scope S_0x555569e3f530;
T_52 ;
    %fork t_47, S_0x555569f18be0;
    %jmp t_46;
    .scope S_0x555569f18be0;
t_47 ;
    %load/vec4 v0x555569e8abb0_0;
    %addi 1, 0, 32;
    %store/vec4 v0x555569e8abb0_0, 0, 32;
    %delay 2, 0;
    %end;
    .scope S_0x555569e3f530;
t_46 %join;
    %jmp T_52;
    .thread T_52;
    .scope S_0x555569e3f530;
T_53 ;
    %fork t_49, S_0x555569f185a0;
    %jmp t_48;
    .scope S_0x555569f185a0;
t_49 ;
    %vpi_call/w 3 548 "$display", "   -= Testbench for AES started =-" {0 0 0};
    %vpi_call/w 3 549 "$display", "    ==============================" {0 0 0};
    %vpi_call/w 3 550 "$display", "\000" {0 0 0};
    %vpi_call/w 3 552 "$display", "Dumping all variables to tb_aes vcd file." {0 0 0};
    %vpi_call/w 3 553 "$dumpfile", "tb_aes.vcd" {0 0 0};
    %vpi_call/w 3 554 "$dumpvars", 32'sb00000000000000000000000000000000, S_0x555569e3f530 {0 0 0};
    %fork TD_tb_aes.init_sim, S_0x555569f18410;
    %join;
    %fork TD_tb_aes.dump_dut_state, S_0x555569e46080;
    %join;
    %fork TD_tb_aes.reset_dut, S_0x555569f18a50;
    %join;
    %fork TD_tb_aes.dump_dut_state, S_0x555569e46080;
    %join;
    %fork TD_tb_aes.aes_test, S_0x555569e3f140;
    %join;
    %fork TD_tb_aes.display_test_results, S_0x555569f04f00;
    %join;
    %vpi_call/w 3 565 "$display", "\000" {0 0 0};
    %vpi_call/w 3 566 "$display", "   -= Testbench for AES completed =-" {0 0 0};
    %vpi_call/w 3 567 "$display", "    ===============================" {0 0 0};
    %vpi_call/w 3 568 "$display", "\000" {0 0 0};
    %vpi_call/w 3 569 "$finish" {0 0 0};
    %end;
    .scope S_0x555569e3f530;
t_48 %join;
    %end;
    .thread T_53;
# The file index is used to find the file name in the following table.
:file_names 11;
    "N/A";
    "<interactive>";
    "-";
    "sim/tb_aes.v";
    "rtl/aes.v";
    "rtl/aes_core.v";
    "rtl/aes_decipher_block.v";
    "rtl/aes_inv_sbox.v";
    "rtl/aes_encipher_block.v";
    "rtl/aes_key_mem.v";
    "rtl/aes_sbox.v";
